[{"model": "admin.logentry", "pk": 1, "fields": {"action_time": "2021-04-22T05:31:08.921Z", "user": 1, "content_type": 11, "object_id": "6", "object_repr": "ClientOrder object (6)", "action_flag": 3, "change_message": ""}}, {"model": "admin.logentry", "pk": 2, "fields": {"action_time": "2021-04-22T05:31:08.925Z", "user": 1, "content_type": 11, "object_id": "5", "object_repr": "ClientOrder object (5)", "action_flag": 3, "change_message": ""}}, {"model": "admin.logentry", "pk": 3, "fields": {"action_time": "2021-04-22T05:31:08.927Z", "user": 1, "content_type": 11, "object_id": "4", "object_repr": "ClientOrder object (4)", "action_flag": 3, "change_message": ""}}, {"model": "admin.logentry", "pk": 4, "fields": {"action_time": "2021-04-22T05:31:08.930Z", "user": 1, "content_type": 11, "object_id": "3", "object_repr": "ClientOrder object (3)", "action_flag": 3, "change_message": ""}}, {"model": "admin.logentry", "pk": 5, "fields": {"action_time": "2021-04-22T05:31:08.934Z", "user": 1, "content_type": 11, "object_id": "2", "object_repr": "ClientOrder object (2)", "action_flag": 3, "change_message": ""}}, {"model": "admin.logentry", "pk": 6, "fields": {"action_time": "2021-04-22T05:31:08.937Z", "user": 1, "content_type": 11, "object_id": "1", "object_repr": "ClientOrder object (1)", "action_flag": 3, "change_message": ""}}, {"model": "admin.logentry", "pk": 7, "fields": {"action_time": "2021-04-22T09:27:58.168Z", "user": 1, "content_type": 16, "object_id": "51", "object_repr": "StoreOrder object (51)", "action_flag": 3, "change_message": ""}}, {"model": "admin.logentry", "pk": 8, "fields": {"action_time": "2021-04-22T09:27:58.173Z", "user": 1, "content_type": 16, "object_id": "50", "object_repr": "StoreOrder object (50)", "action_flag": 3, "change_message": ""}}, {"model": "admin.logentry", "pk": 9, "fields": {"action_time": "2021-04-22T09:27:58.175Z", "user": 1, "content_type": 16, "object_id": "49", "object_repr": "StoreOrder object (49)", "action_flag": 3, "change_message": ""}}, {"model": "admin.logentry", "pk": 10, "fields": {"action_time": "2021-04-22T09:27:58.177Z", "user": 1, "content_type": 16, "object_id": "48", "object_repr": "StoreOrder object (48)", "action_flag": 3, "change_message": ""}}, {"model": "admin.logentry", "pk": 11, "fields": {"action_time": "2021-04-22T09:27:58.179Z", "user": 1, "content_type": 16, "object_id": "47", "object_repr": "StoreOrder object (47)", "action_flag": 3, "change_message": ""}}, {"model": "admin.logentry", "pk": 12, "fields": {"action_time": "2021-04-22T09:27:58.181Z", "user": 1, "content_type": 16, "object_id": "46", "object_repr": "StoreOrder object (46)", "action_flag": 3, "change_message": ""}}, {"model": "admin.logentry", "pk": 13, "fields": {"action_time": "2021-04-22T09:27:58.184Z", "user": 1, "content_type": 16, "object_id": "45", "object_repr": "StoreOrder object (45)", "action_flag": 3, "change_message": ""}}, {"model": "admin.logentry", "pk": 14, "fields": {"action_time": "2021-04-22T09:27:58.185Z", "user": 1, "content_type": 16, "object_id": "44", "object_repr": "StoreOrder object (44)", "action_flag": 3, "change_message": ""}}, {"model": "admin.logentry", "pk": 15, "fields": {"action_time": "2021-04-22T09:27:58.187Z", "user": 1, "content_type": 16, "object_id": "43", "object_repr": "StoreOrder object (43)", "action_flag": 3, "change_message": ""}}, {"model": "admin.logentry", "pk": 16, "fields": {"action_time": "2021-04-22T09:27:58.189Z", "user": 1, "content_type": 16, "object_id": "42", "object_repr": "StoreOrder object (42)", "action_flag": 3, "change_message": ""}}, {"model": "admin.logentry", "pk": 17, "fields": {"action_time": "2021-04-22T09:27:58.191Z", "user": 1, "content_type": 16, "object_id": "41", "object_repr": "StoreOrder object (41)", "action_flag": 3, "change_message": ""}}, {"model": "admin.logentry", "pk": 18, "fields": {"action_time": "2021-04-22T09:27:58.193Z", "user": 1, "content_type": 16, "object_id": "40", "object_repr": "StoreOrder object (40)", "action_flag": 3, "change_message": ""}}, {"model": "admin.logentry", "pk": 19, "fields": {"action_time": "2021-04-22T09:27:58.196Z", "user": 1, "content_type": 16, "object_id": "39", "object_repr": "StoreOrder object (39)", "action_flag": 3, "change_message": ""}}, {"model": "admin.logentry", "pk": 20, "fields": {"action_time": "2021-04-22T09:27:58.198Z", "user": 1, "content_type": 16, "object_id": "37", "object_repr": "StoreOrder object (37)", "action_flag": 3, "change_message": ""}}, {"model": "admin.logentry", "pk": 21, "fields": {"action_time": "2021-04-22T09:27:58.201Z", "user": 1, "content_type": 16, "object_id": "36", "object_repr": "StoreOrder object (36)", "action_flag": 3, "change_message": ""}}, {"model": "admin.logentry", "pk": 22, "fields": {"action_time": "2021-04-22T09:27:58.203Z", "user": 1, "content_type": 16, "object_id": "35", "object_repr": "StoreOrder object (35)", "action_flag": 3, "change_message": ""}}, {"model": "admin.logentry", "pk": 23, "fields": {"action_time": "2021-04-22T09:27:58.205Z", "user": 1, "content_type": 16, "object_id": "32", "object_repr": "StoreOrder object (32)", "action_flag": 3, "change_message": ""}}, {"model": "admin.logentry", "pk": 24, "fields": {"action_time": "2021-04-22T09:27:58.207Z", "user": 1, "content_type": 16, "object_id": "31", "object_repr": "StoreOrder object (31)", "action_flag": 3, "change_message": ""}}, {"model": "admin.logentry", "pk": 25, "fields": {"action_time": "2021-04-22T09:27:58.210Z", "user": 1, "content_type": 16, "object_id": "30", "object_repr": "StoreOrder object (30)", "action_flag": 3, "change_message": ""}}, {"model": "admin.logentry", "pk": 26, "fields": {"action_time": "2021-04-22T09:27:58.212Z", "user": 1, "content_type": 16, "object_id": "29", "object_repr": "StoreOrder object (29)", "action_flag": 3, "change_message": ""}}, {"model": "admin.logentry", "pk": 27, "fields": {"action_time": "2021-04-22T09:27:58.214Z", "user": 1, "content_type": 16, "object_id": "28", "object_repr": "StoreOrder object (28)", "action_flag": 3, "change_message": ""}}, {"model": "admin.logentry", "pk": 28, "fields": {"action_time": "2021-04-22T09:27:58.217Z", "user": 1, "content_type": 16, "object_id": "27", "object_repr": "StoreOrder object (27)", "action_flag": 3, "change_message": ""}}, {"model": "admin.logentry", "pk": 29, "fields": {"action_time": "2021-04-22T09:27:58.219Z", "user": 1, "content_type": 16, "object_id": "26", "object_repr": "StoreOrder object (26)", "action_flag": 3, "change_message": ""}}, {"model": "admin.logentry", "pk": 30, "fields": {"action_time": "2021-04-22T09:27:58.221Z", "user": 1, "content_type": 16, "object_id": "25", "object_repr": "StoreOrder object (25)", "action_flag": 3, "change_message": ""}}, {"model": "admin.logentry", "pk": 31, "fields": {"action_time": "2021-04-22T09:27:58.223Z", "user": 1, "content_type": 16, "object_id": "24", "object_repr": "StoreOrder object (24)", "action_flag": 3, "change_message": ""}}, {"model": "admin.logentry", "pk": 32, "fields": {"action_time": "2021-04-22T09:27:58.226Z", "user": 1, "content_type": 16, "object_id": "23", "object_repr": "StoreOrder object (23)", "action_flag": 3, "change_message": ""}}, {"model": "admin.logentry", "pk": 33, "fields": {"action_time": "2021-04-22T09:27:58.228Z", "user": 1, "content_type": 16, "object_id": "22", "object_repr": "StoreOrder object (22)", "action_flag": 3, "change_message": ""}}, {"model": "admin.logentry", "pk": 34, "fields": {"action_time": "2021-04-22T09:27:58.230Z", "user": 1, "content_type": 16, "object_id": "21", "object_repr": "StoreOrder object (21)", "action_flag": 3, "change_message": ""}}, {"model": "admin.logentry", "pk": 35, "fields": {"action_time": "2021-04-22T09:27:58.232Z", "user": 1, "content_type": 16, "object_id": "20", "object_repr": "StoreOrder object (20)", "action_flag": 3, "change_message": ""}}, {"model": "admin.logentry", "pk": 36, "fields": {"action_time": "2021-04-22T09:27:58.235Z", "user": 1, "content_type": 16, "object_id": "19", "object_repr": "StoreOrder object (19)", "action_flag": 3, "change_message": ""}}, {"model": "admin.logentry", "pk": 37, "fields": {"action_time": "2021-04-22T09:27:58.237Z", "user": 1, "content_type": 16, "object_id": "12", "object_repr": "StoreOrder object (12)", "action_flag": 3, "change_message": ""}}, {"model": "admin.logentry", "pk": 38, "fields": {"action_time": "2021-04-22T09:27:58.239Z", "user": 1, "content_type": 16, "object_id": "11", "object_repr": "StoreOrder object (11)", "action_flag": 3, "change_message": ""}}, {"model": "admin.logentry", "pk": 39, "fields": {"action_time": "2021-04-22T09:27:58.240Z", "user": 1, "content_type": 16, "object_id": "10", "object_repr": "StoreOrder object (10)", "action_flag": 3, "change_message": ""}}, {"model": "admin.logentry", "pk": 40, "fields": {"action_time": "2021-04-22T09:27:58.242Z", "user": 1, "content_type": 16, "object_id": "9", "object_repr": "StoreOrder object (9)", "action_flag": 3, "change_message": ""}}, {"model": "admin.logentry", "pk": 41, "fields": {"action_time": "2021-04-22T09:27:58.244Z", "user": 1, "content_type": 16, "object_id": "8", "object_repr": "StoreOrder object (8)", "action_flag": 3, "change_message": ""}}, {"model": "admin.logentry", "pk": 42, "fields": {"action_time": "2021-04-22T09:27:58.246Z", "user": 1, "content_type": 16, "object_id": "7", "object_repr": "StoreOrder object (7)", "action_flag": 3, "change_message": ""}}, {"model": "admin.logentry", "pk": 43, "fields": {"action_time": "2021-04-22T09:27:58.248Z", "user": 1, "content_type": 16, "object_id": "6", "object_repr": "StoreOrder object (6)", "action_flag": 3, "change_message": ""}}, {"model": "admin.logentry", "pk": 44, "fields": {"action_time": "2021-04-22T09:27:58.250Z", "user": 1, "content_type": 16, "object_id": "5", "object_repr": "StoreOrder object (5)", "action_flag": 3, "change_message": ""}}, {"model": "admin.logentry", "pk": 45, "fields": {"action_time": "2021-04-22T09:27:58.253Z", "user": 1, "content_type": 16, "object_id": "4", "object_repr": "StoreOrder object (4)", "action_flag": 3, "change_message": ""}}, {"model": "admin.logentry", "pk": 46, "fields": {"action_time": "2021-04-22T09:27:58.255Z", "user": 1, "content_type": 16, "object_id": "3", "object_repr": "StoreOrder object (3)", "action_flag": 3, "change_message": ""}}, {"model": "admin.logentry", "pk": 47, "fields": {"action_time": "2021-04-22T09:27:58.257Z", "user": 1, "content_type": 16, "object_id": "2", "object_repr": "StoreOrder object (2)", "action_flag": 3, "change_message": ""}}, {"model": "admin.logentry", "pk": 48, "fields": {"action_time": "2021-04-22T09:27:58.261Z", "user": 1, "content_type": 16, "object_id": "1", "object_repr": "StoreOrder object (1)", "action_flag": 3, "change_message": ""}}, {"model": "auth.permission", "pk": 1, "fields": {"name": "Can add log entry", "content_type": 1, "codename": "add_logentry"}}, {"model": "auth.permission", "pk": 2, "fields": {"name": "Can change log entry", "content_type": 1, "codename": "change_logentry"}}, {"model": "auth.permission", "pk": 3, "fields": {"name": "Can delete log entry", "content_type": 1, "codename": "delete_logentry"}}, {"model": "auth.permission", "pk": 4, "fields": {"name": "Can view log entry", "content_type": 1, "codename": "view_logentry"}}, {"model": "auth.permission", "pk": 5, "fields": {"name": "Can add permission", "content_type": 2, "codename": "add_permission"}}, {"model": "auth.permission", "pk": 6, "fields": {"name": "Can change permission", "content_type": 2, "codename": "change_permission"}}, {"model": "auth.permission", "pk": 7, "fields": {"name": "Can delete permission", "content_type": 2, "codename": "delete_permission"}}, {"model": "auth.permission", "pk": 8, "fields": {"name": "Can view permission", "content_type": 2, "codename": "view_permission"}}, {"model": "auth.permission", "pk": 9, "fields": {"name": "Can add group", "content_type": 3, "codename": "add_group"}}, {"model": "auth.permission", "pk": 10, "fields": {"name": "Can change group", "content_type": 3, "codename": "change_group"}}, {"model": "auth.permission", "pk": 11, "fields": {"name": "Can delete group", "content_type": 3, "codename": "delete_group"}}, {"model": "auth.permission", "pk": 12, "fields": {"name": "Can view group", "content_type": 3, "codename": "view_group"}}, {"model": "auth.permission", "pk": 13, "fields": {"name": "Can add content type", "content_type": 4, "codename": "add_contenttype"}}, {"model": "auth.permission", "pk": 14, "fields": {"name": "Can change content type", "content_type": 4, "codename": "change_contenttype"}}, {"model": "auth.permission", "pk": 15, "fields": {"name": "Can delete content type", "content_type": 4, "codename": "delete_contenttype"}}, {"model": "auth.permission", "pk": 16, "fields": {"name": "Can view content type", "content_type": 4, "codename": "view_contenttype"}}, {"model": "auth.permission", "pk": 17, "fields": {"name": "Can add session", "content_type": 5, "codename": "add_session"}}, {"model": "auth.permission", "pk": 18, "fields": {"name": "Can change session", "content_type": 5, "codename": "change_session"}}, {"model": "auth.permission", "pk": 19, "fields": {"name": "Can delete session", "content_type": 5, "codename": "delete_session"}}, {"model": "auth.permission", "pk": 20, "fields": {"name": "Can view session", "content_type": 5, "codename": "view_session"}}, {"model": "auth.permission", "pk": 21, "fields": {"name": "Can add Token", "content_type": 6, "codename": "add_token"}}, {"model": "auth.permission", "pk": 22, "fields": {"name": "Can change Token", "content_type": 6, "codename": "change_token"}}, {"model": "auth.permission", "pk": 23, "fields": {"name": "Can delete Token", "content_type": 6, "codename": "delete_token"}}, {"model": "auth.permission", "pk": 24, "fields": {"name": "Can view Token", "content_type": 6, "codename": "view_token"}}, {"model": "auth.permission", "pk": 25, "fields": {"name": "Can add user", "content_type": 7, "codename": "add_user"}}, {"model": "auth.permission", "pk": 26, "fields": {"name": "Can change user", "content_type": 7, "codename": "change_user"}}, {"model": "auth.permission", "pk": 27, "fields": {"name": "Can delete user", "content_type": 7, "codename": "delete_user"}}, {"model": "auth.permission", "pk": 28, "fields": {"name": "Can view user", "content_type": 7, "codename": "view_user"}}, {"model": "auth.permission", "pk": 29, "fields": {"name": "Can add cashier", "content_type": 8, "codename": "add_cashier"}}, {"model": "auth.permission", "pk": 30, "fields": {"name": "Can change cashier", "content_type": 8, "codename": "change_cashier"}}, {"model": "auth.permission", "pk": 31, "fields": {"name": "Can delete cashier", "content_type": 8, "codename": "delete_cashier"}}, {"model": "auth.permission", "pk": 32, "fields": {"name": "Can view cashier", "content_type": 8, "codename": "view_cashier"}}, {"model": "auth.permission", "pk": 33, "fields": {"name": "Can add manager", "content_type": 9, "codename": "add_manager"}}, {"model": "auth.permission", "pk": 34, "fields": {"name": "Can change manager", "content_type": 9, "codename": "change_manager"}}, {"model": "auth.permission", "pk": 35, "fields": {"name": "Can delete manager", "content_type": 9, "codename": "delete_manager"}}, {"model": "auth.permission", "pk": 36, "fields": {"name": "Can view manager", "content_type": 9, "codename": "view_manager"}}, {"model": "auth.permission", "pk": 37, "fields": {"name": "Can add category", "content_type": 10, "codename": "add_category"}}, {"model": "auth.permission", "pk": 38, "fields": {"name": "Can change category", "content_type": 10, "codename": "change_category"}}, {"model": "auth.permission", "pk": 39, "fields": {"name": "Can delete category", "content_type": 10, "codename": "delete_category"}}, {"model": "auth.permission", "pk": 40, "fields": {"name": "Can view category", "content_type": 10, "codename": "view_category"}}, {"model": "auth.permission", "pk": 41, "fields": {"name": "Can add client order", "content_type": 11, "codename": "add_clientorder"}}, {"model": "auth.permission", "pk": 42, "fields": {"name": "Can change client order", "content_type": 11, "codename": "change_clientorder"}}, {"model": "auth.permission", "pk": 43, "fields": {"name": "Can delete client order", "content_type": 11, "codename": "delete_clientorder"}}, {"model": "auth.permission", "pk": 44, "fields": {"name": "Can view client order", "content_type": 11, "codename": "view_clientorder"}}, {"model": "auth.permission", "pk": 45, "fields": {"name": "Can add client ordered item", "content_type": 12, "codename": "add_clientordereditem"}}, {"model": "auth.permission", "pk": 46, "fields": {"name": "Can change client ordered item", "content_type": 12, "codename": "change_clientordereditem"}}, {"model": "auth.permission", "pk": 47, "fields": {"name": "Can delete client ordered item", "content_type": 12, "codename": "delete_clientordereditem"}}, {"model": "auth.permission", "pk": 48, "fields": {"name": "Can view client ordered item", "content_type": 12, "codename": "view_clientordereditem"}}, {"model": "auth.permission", "pk": 49, "fields": {"name": "Can add global item", "content_type": 13, "codename": "add_globalitem"}}, {"model": "auth.permission", "pk": 50, "fields": {"name": "Can change global item", "content_type": 13, "codename": "change_globalitem"}}, {"model": "auth.permission", "pk": 51, "fields": {"name": "Can delete global item", "content_type": 13, "codename": "delete_globalitem"}}, {"model": "auth.permission", "pk": 52, "fields": {"name": "Can view global item", "content_type": 13, "codename": "view_globalitem"}}, {"model": "auth.permission", "pk": 53, "fields": {"name": "Can add report", "content_type": 14, "codename": "add_report"}}, {"model": "auth.permission", "pk": 54, "fields": {"name": "Can change report", "content_type": 14, "codename": "change_report"}}, {"model": "auth.permission", "pk": 55, "fields": {"name": "Can delete report", "content_type": 14, "codename": "delete_report"}}, {"model": "auth.permission", "pk": 56, "fields": {"name": "Can view report", "content_type": 14, "codename": "view_report"}}, {"model": "auth.permission", "pk": 57, "fields": {"name": "Can add store item", "content_type": 15, "codename": "add_storeitem"}}, {"model": "auth.permission", "pk": 58, "fields": {"name": "Can change store item", "content_type": 15, "codename": "change_storeitem"}}, {"model": "auth.permission", "pk": 59, "fields": {"name": "Can delete store item", "content_type": 15, "codename": "delete_storeitem"}}, {"model": "auth.permission", "pk": 60, "fields": {"name": "Can view store item", "content_type": 15, "codename": "view_storeitem"}}, {"model": "auth.permission", "pk": 61, "fields": {"name": "Can add store order", "content_type": 16, "codename": "add_storeorder"}}, {"model": "auth.permission", "pk": 62, "fields": {"name": "Can change store order", "content_type": 16, "codename": "change_storeorder"}}, {"model": "auth.permission", "pk": 63, "fields": {"name": "Can delete store order", "content_type": 16, "codename": "delete_storeorder"}}, {"model": "auth.permission", "pk": 64, "fields": {"name": "Can view store order", "content_type": 16, "codename": "view_storeorder"}}, {"model": "auth.permission", "pk": 65, "fields": {"name": "Can add store order item", "content_type": 17, "codename": "add_storeorderitem"}}, {"model": "auth.permission", "pk": 66, "fields": {"name": "Can change store order item", "content_type": 17, "codename": "change_storeorderitem"}}, {"model": "auth.permission", "pk": 67, "fields": {"name": "Can delete store order item", "content_type": 17, "codename": "delete_storeorderitem"}}, {"model": "auth.permission", "pk": 68, "fields": {"name": "Can view store order item", "content_type": 17, "codename": "view_storeorderitem"}}, {"model": "auth.permission", "pk": 69, "fields": {"name": "Can add cashier work shift", "content_type": 18, "codename": "add_cashierworkshift"}}, {"model": "auth.permission", "pk": 70, "fields": {"name": "Can change cashier work shift", "content_type": 18, "codename": "change_cashierworkshift"}}, {"model": "auth.permission", "pk": 71, "fields": {"name": "Can delete cashier work shift", "content_type": 18, "codename": "delete_cashierworkshift"}}, {"model": "auth.permission", "pk": 72, "fields": {"name": "Can view cashier work shift", "content_type": 18, "codename": "view_cashierworkshift"}}, {"model": "auth.permission", "pk": 73, "fields": {"name": "Can add depot", "content_type": 19, "codename": "add_depot"}}, {"model": "auth.permission", "pk": 74, "fields": {"name": "Can change depot", "content_type": 19, "codename": "change_depot"}}, {"model": "auth.permission", "pk": 75, "fields": {"name": "Can delete depot", "content_type": 19, "codename": "delete_depot"}}, {"model": "auth.permission", "pk": 76, "fields": {"name": "Can view depot", "content_type": 19, "codename": "view_depot"}}, {"model": "auth.permission", "pk": 77, "fields": {"name": "Can add store", "content_type": 20, "codename": "add_store"}}, {"model": "auth.permission", "pk": 78, "fields": {"name": "Can change store", "content_type": 20, "codename": "change_store"}}, {"model": "auth.permission", "pk": 79, "fields": {"name": "Can delete store", "content_type": 20, "codename": "delete_store"}}, {"model": "auth.permission", "pk": 80, "fields": {"name": "Can view store", "content_type": 20, "codename": "view_store"}}, {"model": "contenttypes.contenttype", "pk": 1, "fields": {"app_label": "admin", "model": "logentry"}}, {"model": "contenttypes.contenttype", "pk": 2, "fields": {"app_label": "auth", "model": "permission"}}, {"model": "contenttypes.contenttype", "pk": 3, "fields": {"app_label": "auth", "model": "group"}}, {"model": "contenttypes.contenttype", "pk": 4, "fields": {"app_label": "contenttypes", "model": "contenttype"}}, {"model": "contenttypes.contenttype", "pk": 5, "fields": {"app_label": "sessions", "model": "session"}}, {"model": "contenttypes.contenttype", "pk": 6, "fields": {"app_label": "authtoken", "model": "token"}}, {"model": "contenttypes.contenttype", "pk": 7, "fields": {"app_label": "user", "model": "user"}}, {"model": "contenttypes.contenttype", "pk": 8, "fields": {"app_label": "user", "model": "cashier"}}, {"model": "contenttypes.contenttype", "pk": 9, "fields": {"app_label": "user", "model": "manager"}}, {"model": "contenttypes.contenttype", "pk": 10, "fields": {"app_label": "item", "model": "category"}}, {"model": "contenttypes.contenttype", "pk": 11, "fields": {"app_label": "item", "model": "clientorder"}}, {"model": "contenttypes.contenttype", "pk": 12, "fields": {"app_label": "item", "model": "clientordereditem"}}, {"model": "contenttypes.contenttype", "pk": 13, "fields": {"app_label": "item", "model": "globalitem"}}, {"model": "contenttypes.contenttype", "pk": 14, "fields": {"app_label": "item", "model": "report"}}, {"model": "contenttypes.contenttype", "pk": 15, "fields": {"app_label": "item", "model": "storeitem"}}, {"model": "contenttypes.contenttype", "pk": 16, "fields": {"app_label": "item", "model": "storeorder"}}, {"model": "contenttypes.contenttype", "pk": 17, "fields": {"app_label": "item", "model": "storeorderitem"}}, {"model": "contenttypes.contenttype", "pk": 18, "fields": {"app_label": "item", "model": "cashierworkshift"}}, {"model": "contenttypes.contenttype", "pk": 19, "fields": {"app_label": "item", "model": "depot"}}, {"model": "contenttypes.contenttype", "pk": 20, "fields": {"app_label": "item", "model": "store"}}, {"model": "sessions.session", "pk": "2wq85awyda61n3xbrfnkj2bixhjhrbge", "fields": {"session_data": ".eJxVjEsOAiEQBe_C2pAGaWBcup8zEKAbGTWQzGdlvLtOMgvdvqp6LxHittawLTyHicRFaHH63VLMD247oHtsty5zb-s8Jbkr8qCLHDvx83q4fwc1LvVbDwBoOA6USCNGLgBgs0V0gyvKa9bsqIDB7I0jrxw5CzkhelB8Vka8P9NWNxg:1lZ3lX:DJLyDiVL1xWDQX9UeLwZtA0mS84tfpQnyFSFCV4464Y", "expire_date": "2021-05-05T03:43:03.660Z"}}, {"model": "sessions.session", "pk": "625fdr0wy8tbm318ef5b5efgataj2iig", "fields": {"session_data": ".eJxVjEsOAiEQBe_C2pAGaWBcup8zEKAbGTWQzGdlvLtOMgvdvqp6LxHittawLTyHicRFaHH63VLMD247oHtsty5zb-s8Jbkr8qCLHDvx83q4fwc1LvVbDwBoOA6USCNGLgBgs0V0gyvKa9bsqIDB7I0jrxw5CzkhelB8Vka8P9NWNxg:1lZ3y4:dq-UXDYx_3GXA79rPgtkJvG-5iOXpS6Nrpj94NXl0vc", "expire_date": "2021-05-05T03:56:00.267Z"}}, {"model": "sessions.session", "pk": "k8lcgtuf9ex5yrazl9gk5hv3njypavvb", "fields": {"session_data": ".eJxVjMsOwiAURP-FtSEFebp07zeQC_ciVQNJaVfGf5cmXegsz5yZNwuwrSVsnZYwI7swwU6_LEJ6Ut0LfEC9N55aXZc58l3hR9v5rSG9rof7d1Cgl7EmT0pFbVzCTEYLa704Sw0AWURQzluXVfRJ4yRpsDwZoaWzlHDEI_t8AfGAOKY:1lYlch:4mG8ATq2j9b9QZu2ibvLYMhQHtbghvE7MGvT6NmQMQI", "expire_date": "2021-05-04T08:20:43.368Z"}}, {"model": "user.user", "pk": 1, "fields": {"password": "pbkdf2_sha256$216000$eaC61yVKs6TF$LUn/OQJ7KWhaVSgYJbIu1hkVUdQyJqSwkmiz1Ne3Y+g=", "last_login": "2021-04-20T08:20:43.363Z", "is_superuser": true, "username": "admin", "is_active": true, "is_staff": true, "first_name": "", "last_name": "", "groups": [], "user_permissions": []}}, {"model": "user.user", "pk": 2, "fields": {"password": "pbkdf2_sha256$216000$fhtH2UNCswvh$wxEL+CEGSp7IL/wkv/3lvwNvK3+SC7n6gF29W1WzHk4=", "last_login": "2021-04-21T03:56:00.262Z", "is_superuser": false, "username": "john", "is_active": true, "is_staff": false, "first_name": "John", "last_name": "Due", "groups": [], "user_permissions": []}}, {"model": "user.user", "pk": 3, "fields": {"password": "pbkdf2_sha256$216000$erYIpNFCcOqn$Ac4kjYbOfzn+eO7nbEzxuvjddegtPIkhwcJ+9jWE89U=", "last_login": null, "is_superuser": false, "username": "sarah", "is_active": true, "is_staff": false, "first_name": "Sarah", "last_name": "Connor", "groups": [], "user_permissions": []}}, {"model": "user.user", "pk": 4, "fields": {"password": "pbkdf2_sha256$216000$ou4kFUGkGFXH$HqrG9FkLT2gKt5De7OBDO5ly3sN+bEXex5ycIwW3stM=", "last_login": null, "is_superuser": false, "username": "lara", "is_active": true, "is_staff": false, "first_name": "Lara", "last_name": "Croft", "groups": [], "user_permissions": []}}, {"model": "user.cashier", "pk": 2, "fields": {"store": 1}}, {"model": "user.cashier", "pk": 3, "fields": {"store": 1}}, {"model": "user.manager", "pk": 4, "fields": {}}, {"model": "item.store", "pk": 1, "fields": {"name": "Store #1", "address": "Bishkek", "created_at": "2021-04-20T09:00:45.387Z", "phone": "+996777123456", "email": "store1@farmstore.kg"}}, {"model": "item.store", "pk": 2, "fields": {"name": "Store 2", "address": "Bishkek 221B", "created_at": "2021-04-22T04:42:36.119Z", "phone": "+996777987654", "email": "store2@farmstore.kg"}}, {"model": "item.store", "pk": 3, "fields": {"name": "Store 2", "address": "Bishkek 221B", "created_at": "2021-04-22T04:44:14.573Z", "phone": "+996777987654", "email": "store2@farmstore.kg"}}, {"model": "item.depot", "pk": 1, "fields": {"name": "Depot #1", "address": "Somewhere", "created_at": "2021-04-21T08:34:33.735Z", "phone": "+996777123456", "email": "user@example.com"}}, {"model": "item.category", "pk": 1, "fields": {"name": "Таблетки"}}, {"model": "item.globalitem", "pk": 1, "fields": {"category": 1, "unique_id": "12312312", "name": "Аспирин", "producer": "ОсОО 'Производим ВСЕ'", "description": "Лечит", "image": "global-items/default.png", "series": "xyz", "sepparts": 0.0, "expiration_date": "2021-04-30T05:58:00Z", "price_selling": 100.0}}, {"model": "item.globalitem", "pk": 2, "fields": {"category": 1, "unique_id": "123456abc", "name": "Левомеколь", "producer": "ОсОО \"Изготовим всё\"", "description": "Тоже лечит, непонятно как.", "image": "global-items/levomekol_40g_maz3_n_1400.jpg", "series": "123123", "sepparts": 123123.0, "expiration_date": "2021-04-30T03:47:00Z", "price_selling": 400.0}}, {"model": "item.globalitem", "pk": 3, "fields": {"category": 1, "unique_id": "1234abcd", "name": "test", "producer": "test123", "description": "fhghghg", "image": "global-items/default.png", "series": "123", "sepparts": 0.0, "expiration_date": "2021-04-23T07:38:54.543Z", "price_selling": 300.0}}, {"model": "item.globalitem", "pk": 4, "fields": {"category": 1, "unique_id": "123123123123", "name": "test", "producer": "test123", "description": "fhghghg", "image": "global-items/default.png", "series": "123", "sepparts": 0.0, "expiration_date": "2021-04-23T07:38:54.543Z", "price_selling": 300.0}}, {"model": "item.storeitem", "pk": 1, "fields": {"global_item": 1, "store": 1, "quantity": 140.0, "is_sale": true, "parts": null}}, {"model": "item.storeitem", "pk": 8, "fields": {"global_item": 2, "store": 1, "quantity": 30.0, "is_sale": false, "parts": null}}, {"model": "item.storeitem", "pk": 9, "fields": {"global_item": 4, "store": 1, "quantity": 0.0, "is_sale": false, "parts": null}}, {"model": "item.storeitem", "pk": 10, "fields": {"global_item": 4, "store": 2, "quantity": 0.0, "is_sale": false, "parts": null}}, {"model": "item.storeitem", "pk": 11, "fields": {"global_item": 4, "store": 3, "quantity": 0.0, "is_sale": false, "parts": null}}, {"model": "item.storeorder", "pk": 52, "fields": {"depot": 1, "store": 1, "address": "Somewhere", "date_sent": "2021-04-22T09:28:23.165Z", "date_received": "2021-04-23T03:43:54.660Z", "is_editable": false, "next": 54}}, {"model": "item.storeorder", "pk": 53, "fields": {"depot": 1, "store": 1, "address": "Somewhere", "date_sent": "2021-04-22T09:29:29.876Z", "date_received": null, "is_editable": true, "next": null}}, {"model": "item.storeorder", "pk": 54, "fields": {"depot": 1, "store": 1, "address": "Somewhere", "date_sent": "2021-04-22T09:30:00.816Z", "date_received": null, "is_editable": true, "next": null}}, {"model": "item.storeorder", "pk": 55, "fields": {"depot": 1, "store": 1, "address": "Bishkek", "date_sent": "2021-04-23T03:47:40.123Z", "date_received": null, "is_editable": true, "next": null}}, {"model": "item.storeorder", "pk": 56, "fields": {"depot": 1, "store": 1, "address": "Bishkek", "date_sent": "2021-04-23T03:49:04.912Z", "date_received": "2021-04-23T04:17:53.963Z", "is_editable": false, "next": null}}, {"model": "item.storeorder", "pk": 57, "fields": {"depot": 1, "store": 1, "address": "Bishkek", "date_sent": "2021-04-23T03:49:51.492Z", "date_received": null, "is_editable": true, "next": null}}, {"model": "item.storeorderitem", "pk": 60, "fields": {"store_order": 52, "global_item": 1, "quantity": 20}}, {"model": "item.storeorderitem", "pk": 61, "fields": {"store_order": 53, "global_item": 1, "quantity": 20}}, {"model": "item.storeorderitem", "pk": 62, "fields": {"store_order": 54, "global_item": 1, "quantity": 20}}, {"model": "item.storeorderitem", "pk": 63, "fields": {"store_order": 55, "global_item": 2, "quantity": 30}}, {"model": "item.storeorderitem", "pk": 64, "fields": {"store_order": 56, "global_item": 2, "quantity": 30}}, {"model": "item.storeorderitem", "pk": 65, "fields": {"store_order": 57, "global_item": 2, "quantity": 30}}, {"model": "item.clientorder", "pk": 7, "fields": {"cashier": 3, "store": 1, "date_ordered": "2021-04-23T05:51:06.793Z", "status": 1}}, {"model": "item.clientorder", "pk": 8, "fields": {"cashier": 3, "store": 1, "date_ordered": "2021-04-23T05:52:00.554Z", "status": 1}}, {"model": "item.clientorder", "pk": 9, "fields": {"cashier": 3, "store": 1, "date_ordered": "2021-04-23T05:52:20.445Z", "status": 1}}, {"model": "item.clientorder", "pk": 11, "fields": {"cashier": 3, "store": 1, "date_ordered": "2021-04-23T06:34:23.205Z", "status": 1}}, {"model": "item.clientordereditem", "pk": 3, "fields": {"client_order": null, "global_item": 1, "quantity": 5.0, "sepparts": 3.0, "date_ordered": "2021-04-21T10:25:05.025Z"}}, {"model": "item.clientordereditem", "pk": 4, "fields": {"client_order": null, "global_item": 1, "quantity": 15.0, "sepparts": 3.0, "date_ordered": "2021-04-21T10:25:36.824Z"}}, {"model": "item.clientordereditem", "pk": 5, "fields": {"client_order": null, "global_item": 1, "quantity": 15.0, "sepparts": 3.0, "date_ordered": "2021-04-21T10:37:54.506Z"}}, {"model": "item.clientordereditem", "pk": 6, "fields": {"client_order": null, "global_item": 1, "quantity": 15.0, "sepparts": 3.0, "date_ordered": "2021-04-21T10:37:57.752Z"}}, {"model": "item.clientordereditem", "pk": 7, "fields": {"client_order": 7, "global_item": 1, "quantity": 20.0, "sepparts": 4.0, "date_ordered": "2021-04-23T05:51:06.798Z"}}, {"model": "item.clientordereditem", "pk": 8, "fields": {"client_order": 8, "global_item": 1, "quantity": 20.0, "sepparts": 4.0, "date_ordered": "2021-04-23T05:52:00.559Z"}}, {"model": "item.clientordereditem", "pk": 9, "fields": {"client_order": 9, "global_item": 1, "quantity": 20.0, "sepparts": 4.0, "date_ordered": "2021-04-23T05:52:20.438Z"}}, {"model": "item.clientordereditem", "pk": 10, "fields": {"client_order": 11, "global_item": 1, "quantity": 20.0, "sepparts": 4.0, "date_ordered": "2021-04-23T06:34:23.210Z"}}, {"model": "item.clientordereditem", "pk": 11, "fields": {"client_order": 11, "global_item": 2, "quantity": 30.0, "sepparts": 123.0, "date_ordered": "2021-04-23T06:34:23.217Z"}}, {"model": "item.cashierworkshift", "pk": 1, "fields": {"cashier": 2, "store": 1, "date_start": "2021-04-21T03:37:06.838Z", "date_end": "2021-04-21T03:46:15.653Z", "client_orders": []}}, {"model": "item.cashierworkshift", "pk": 2, "fields": {"cashier": 2, "store": 1, "date_start": "2021-04-21T03:46:27.334Z", "date_end": "2021-04-21T03:47:22.959Z", "client_orders": []}}, {"model": "item.cashierworkshift", "pk": 3, "fields": {"cashier": 2, "store": 1, "date_start": "2021-04-21T03:47:41.747Z", "date_end": "2021-04-21T03:57:58.653Z", "client_orders": []}}, {"model": "item.cashierworkshift", "pk": 4, "fields": {"cashier": 2, "store": 1, "date_start": "2021-04-21T04:35:16.084Z", "date_end": null, "client_orders": []}}, {"model": "item.cashierworkshift", "pk": 5, "fields": {"cashier": 3, "store": 1, "date_start": "2021-04-22T04:27:40.609Z", "date_end": null, "client_orders": []}}]