[{"model": "contenttypes.contenttype", "fields": {"app_label": "admin", "model": "logentry"}}, {"model": "contenttypes.contenttype", "fields": {"app_label": "auth", "model": "permission"}}, {"model": "contenttypes.contenttype", "fields": {"app_label": "auth", "model": "group"}}, {"model": "contenttypes.contenttype", "fields": {"app_label": "contenttypes", "model": "contenttype"}}, {"model": "contenttypes.contenttype", "fields": {"app_label": "sessions", "model": "session"}}, {"model": "contenttypes.contenttype", "fields": {"app_label": "authtoken", "model": "token"}}, {"model": "contenttypes.contenttype", "fields": {"app_label": "user", "model": "user"}}, {"model": "contenttypes.contenttype", "fields": {"app_label": "user", "model": "cashier"}}, {"model": "contenttypes.contenttype", "fields": {"app_label": "user", "model": "manager"}}, {"model": "contenttypes.contenttype", "fields": {"app_label": "item", "model": "category"}}, {"model": "contenttypes.contenttype", "fields": {"app_label": "item", "model": "clientorder"}}, {"model": "contenttypes.contenttype", "fields": {"app_label": "item", "model": "clientordereditem"}}, {"model": "contenttypes.contenttype", "fields": {"app_label": "item", "model": "globalitem"}}, {"model": "contenttypes.contenttype", "fields": {"app_label": "item", "model": "report"}}, {"model": "contenttypes.contenttype", "fields": {"app_label": "item", "model": "storeitem"}}, {"model": "contenttypes.contenttype", "fields": {"app_label": "item", "model": "storeorder"}}, {"model": "contenttypes.contenttype", "fields": {"app_label": "item", "model": "storeorderitem"}}, {"model": "contenttypes.contenttype", "fields": {"app_label": "item", "model": "cashierworkshift"}}, {"model": "contenttypes.contenttype", "fields": {"app_label": "item", "model": "depot"}}, {"model": "contenttypes.contenttype", "fields": {"app_label": "item", "model": "store"}}, {"model": "contenttypes.contenttype", "fields": {"app_label": "item", "model": "storeorderhistory"}}, {"model": "item.store", "pk": 1, "fields": {"name": "Аптека #1", "address": "Бишкек", "created_at": "2021-04-23T11:43:45.954Z", "phone": "+996 772 112 333", "email": "some02@gmail.com"}}, {"model": "item.store", "pk": 5, "fields": {"name": "Аптека #2", "address": "Ош", "created_at": "2021-04-26T07:51:44.775Z", "phone": "+996 772 112 333", "email": "some02@gmail.com"}}, {"model": "item.depot", "pk": 1, "fields": {"name": "Some", "address": "Somewhere", "created_at": "2021-04-26T03:25:29.830Z", "phone": "+996777123456", "email": "eee@gmail.com"}}, {"model": "item.category", "pk": 1, "fields": {"name": "Таблетки"}}, {"model": "item.globalitem", "pk": 1, "fields": {"category": 1, "unique_id": "123231231231", "name": "Test", "producer": "test", "description": "fdsafas", "image": "global-items/levomekol_40g_maz3_n_1400_WRgTZLC.jpg", "series": "f123123", "expiration_date": "2021-04-30T06:43:00Z", "price_selling": 999.0, "max_num_pieces": 1}}, {"model": "item.storeitem", "pk": 1, "fields": {"global_item": 1, "store": 1, "quantity": 260, "num_pieces": 0, "is_sale": false}}, {"model": "item.storeitem", "pk": 6, "fields": {"global_item": 1, "store": 5, "quantity": 0, "num_pieces": 0, "is_sale": false}}, {"model": "item.storeorderhistory", "pk": 1, "fields": {"store_order": 2, "store_order_data": {"id": 2, "depot": 1, "store": 1, "status": 1, "address": "string", "date_sent": "2021-04-26T09:31:12.772932+06:00", "is_editable": true, "date_received": null, "store_ordered_items": [{"id": 2, "quantity": 20, "cost_total": 19980.0, "num_pieces": 0, "global_item": 1, "store_order": 2}]}, "created_at": "2021-04-27T03:31:01.613Z"}}, {"model": "item.storeorderhistory", "pk": 2, "fields": {"store_order": 2, "store_order_data": {"id": 2, "depot": 1, "store": 1, "status": 1, "address": "string", "date_sent": "2021-04-26T09:31:12.772932+06:00", "is_editable": true, "date_received": null, "store_ordered_items": [{"id": 2, "quantity": 20, "cost_total": 19980.0, "num_pieces": 0, "global_item": 1, "store_order": 2}]}, "created_at": "2021-04-27T03:31:10.151Z"}}, {"model": "item.storeorderhistory", "pk": 3, "fields": {"store_order": 2, "store_order_data": {"id": 2, "depot": 1, "store": 1, "status": 1, "address": "string", "date_sent": "2021-04-26T09:31:12.772932+06:00", "is_editable": true, "date_received": null, "store_ordered_items": [{"id": 2, "quantity": 20, "cost_total": 19980.0, "num_pieces": 0, "global_item": 1, "store_order": 2}]}, "created_at": "2021-04-27T03:37:35.755Z"}}, {"model": "item.storeorderhistory", "pk": 4, "fields": {"store_order": 1, "store_order_data": {"id": 1, "depot": 1, "store": 1, "status": 3, "address": "string", "date_sent": "2021-04-26T09:25:34.603441+06:00", "is_editable": false, "date_received": "2021-04-26T16:48:43.247466+06:00", "store_ordered_items": [{"id": 1, "parts": null, "quantity": 20, "num_pieces": 0, "global_item": {"id": 1, "name": "Test", "image": "/media/global-items/levomekol_40g_maz3_n_1400_WRgTZLC.jpg", "series": "f123123", "category": 1, "producer": "test", "unique_id": "123231231231", "description": "fdsafas", "price_selling": 999.0, "max_num_pieces": 1, "expiration_date": "2021-04-30T12:43:00+06:00"}}]}, "created_at": "2021-04-27T03:39:27.165Z"}}, {"model": "item.storeorderhistory", "pk": 5, "fields": {"store_order": 2, "store_order_data": {"id": 2, "depot": 1, "store": 1, "status": 1, "address": "string", "date_sent": "2021-04-26T09:31:12.772932+06:00", "is_editable": true, "date_received": null, "store_ordered_items": [{"id": 2, "parts": null, "quantity": 20, "num_pieces": 0, "global_item": {"id": 1, "name": "Test", "image": "/media/global-items/levomekol_40g_maz3_n_1400_WRgTZLC.jpg", "series": "f123123", "category": 1, "producer": "test", "unique_id": "123231231231", "description": "fdsafas", "price_selling": 999.0, "max_num_pieces": 1, "expiration_date": "2021-04-30T12:43:00+06:00"}}]}, "created_at": "2021-04-27T03:48:51.070Z"}}, {"model": "item.storeorderhistory", "pk": 6, "fields": {"store_order": 2, "store_order_data": {"id": 2, "depot": 1, "store": 1, "status": 1, "address": "string", "date_sent": "2021-04-26T09:31:12.772932+06:00", "is_editable": true, "date_received": null, "store_ordered_items": [{"id": 2, "parts": null, "quantity": 20, "num_pieces": 0, "global_item": {"id": 1, "name": "Test", "image": "/media/global-items/levomekol_40g_maz3_n_1400_WRgTZLC.jpg", "series": "f123123", "category": 1, "producer": "test", "unique_id": "123231231231", "description": "fdsafas", "price_selling": 999.0, "max_num_pieces": 1, "expiration_date": "2021-04-30T12:43:00+06:00"}}]}, "created_at": "2021-04-27T03:53:19.911Z"}}, {"model": "item.storeorderhistory", "pk": 7, "fields": {"store_order": 2, "store_order_data": {"id": 2, "depot": 1, "store": 1, "status": 1, "address": "string", "store_ordered_items": [{"id": 2, "parts": null, "quantity": 20, "num_pieces": 0, "global_item": {"id": 1, "name": "Test", "image": "/media/global-items/levomekol_40g_maz3_n_1400_WRgTZLC.jpg", "series": "f123123", "category": 1, "producer": "test", "unique_id": "123231231231", "description": "fdsafas", "price_selling": 999.0, "max_num_pieces": 1, "expiration_date": "2021-04-30T12:43:00+06:00"}}]}, "created_at": "2021-04-27T03:58:41.232Z"}}, {"model": "item.storeorderhistory", "pk": 8, "fields": {"store_order": 2, "store_order_data": {"id": 2, "depot": 1, "store": 1, "status": 1, "address": "string", "store_ordered_items": [{"id": 2, "parts": null, "quantity": 20, "num_pieces": 0, "global_item": {"id": 1, "name": "Test", "image": "/media/global-items/levomekol_40g_maz3_n_1400_WRgTZLC.jpg", "series": "f123123", "category": 1, "producer": "test", "unique_id": "123231231231", "description": "fdsafas", "price_selling": 999.0, "max_num_pieces": 1, "expiration_date": "2021-04-30T12:43:00+06:00"}}, {"id": 8, "parts": null, "quantity": 20, "num_pieces": 0, "global_item": {"id": 1, "name": "Test", "image": "/media/global-items/levomekol_40g_maz3_n_1400_WRgTZLC.jpg", "series": "f123123", "category": 1, "producer": "test", "unique_id": "123231231231", "description": "fdsafas", "price_selling": 999.0, "max_num_pieces": 1, "expiration_date": "2021-04-30T12:43:00+06:00"}}]}, "created_at": "2021-04-27T03:58:45.239Z"}}, {"model": "item.storeorderhistory", "pk": 9, "fields": {"store_order": 2, "store_order_data": {"id": 2, "depot": 1, "store": 1, "status": 1, "address": "string", "store_ordered_items": [{"id": 2, "parts": null, "quantity": 20, "num_pieces": 0, "global_item": {"id": 1, "name": "Test", "image": "/media/global-items/levomekol_40g_maz3_n_1400_WRgTZLC.jpg", "series": "f123123", "category": 1, "producer": "test", "unique_id": "123231231231", "description": "fdsafas", "price_selling": 999.0, "max_num_pieces": 1, "expiration_date": "2021-04-30T12:43:00+06:00"}}, {"id": 8, "parts": null, "quantity": 20, "num_pieces": 0, "global_item": {"id": 1, "name": "Test", "image": "/media/global-items/levomekol_40g_maz3_n_1400_WRgTZLC.jpg", "series": "f123123", "category": 1, "producer": "test", "unique_id": "123231231231", "description": "fdsafas", "price_selling": 999.0, "max_num_pieces": 1, "expiration_date": "2021-04-30T12:43:00+06:00"}}, {"id": 9, "parts": null, "quantity": 20, "num_pieces": 0, "global_item": {"id": 1, "name": "Test", "image": "/media/global-items/levomekol_40g_maz3_n_1400_WRgTZLC.jpg", "series": "f123123", "category": 1, "producer": "test", "unique_id": "123231231231", "description": "fdsafas", "price_selling": 999.0, "max_num_pieces": 1, "expiration_date": "2021-04-30T12:43:00+06:00"}}]}, "created_at": "2021-04-27T04:06:45.778Z"}}, {"model": "item.storeorderhistory", "pk": 10, "fields": {"store_order": 2, "store_order_data": {"id": 2, "depot": 1, "store": 1, "status": 1, "address": "string", "store_ordered_items": [{"id": 2, "parts": null, "quantity": 20, "num_pieces": 0, "global_item": {"id": 1, "name": "Test", "image": "/media/global-items/levomekol_40g_maz3_n_1400_WRgTZLC.jpg", "series": "f123123", "category": 1, "producer": "test", "unique_id": "123231231231", "description": "fdsafas", "price_selling": 999.0, "max_num_pieces": 1, "expiration_date": "2021-04-30T12:43:00+06:00"}}, {"id": 8, "parts": null, "quantity": 20, "num_pieces": 0, "global_item": {"id": 1, "name": "Test", "image": "/media/global-items/levomekol_40g_maz3_n_1400_WRgTZLC.jpg", "series": "f123123", "category": 1, "producer": "test", "unique_id": "123231231231", "description": "fdsafas", "price_selling": 999.0, "max_num_pieces": 1, "expiration_date": "2021-04-30T12:43:00+06:00"}}, {"id": 9, "parts": null, "quantity": 20, "num_pieces": 0, "global_item": {"id": 1, "name": "Test", "image": "/media/global-items/levomekol_40g_maz3_n_1400_WRgTZLC.jpg", "series": "f123123", "category": 1, "producer": "test", "unique_id": "123231231231", "description": "fdsafas", "price_selling": 999.0, "max_num_pieces": 1, "expiration_date": "2021-04-30T12:43:00+06:00"}}]}, "created_at": "2021-04-27T04:07:02.366Z"}}, {"model": "item.storeorderhistory", "pk": 11, "fields": {"store_order": 2, "store_order_data": {"id": 2, "depot": 1, "store": 1, "status": 1, "address": "string", "store_ordered_items": [{"id": 2, "parts": null, "quantity": 20, "num_pieces": 0, "global_item": {"id": 1, "name": "Test", "image": "/media/global-items/levomekol_40g_maz3_n_1400_WRgTZLC.jpg", "series": "f123123", "category": 1, "producer": "test", "unique_id": "123231231231", "description": "fdsafas", "price_selling": 999.0, "max_num_pieces": 1, "expiration_date": "2021-04-30T12:43:00+06:00"}}, {"id": 8, "parts": null, "quantity": 20, "num_pieces": 0, "global_item": {"id": 1, "name": "Test", "image": "/media/global-items/levomekol_40g_maz3_n_1400_WRgTZLC.jpg", "series": "f123123", "category": 1, "producer": "test", "unique_id": "123231231231", "description": "fdsafas", "price_selling": 999.0, "max_num_pieces": 1, "expiration_date": "2021-04-30T12:43:00+06:00"}}, {"id": 9, "parts": null, "quantity": 20, "num_pieces": 0, "global_item": {"id": 1, "name": "Test", "image": "/media/global-items/levomekol_40g_maz3_n_1400_WRgTZLC.jpg", "series": "f123123", "category": 1, "producer": "test", "unique_id": "123231231231", "description": "fdsafas", "price_selling": 999.0, "max_num_pieces": 1, "expiration_date": "2021-04-30T12:43:00+06:00"}}, {"id": 10, "parts": null, "quantity": 20, "num_pieces": 0, "global_item": {"id": 1, "name": "Test", "image": "/media/global-items/levomekol_40g_maz3_n_1400_WRgTZLC.jpg", "series": "f123123", "category": 1, "producer": "test", "unique_id": "123231231231", "description": "fdsafas", "price_selling": 999.0, "max_num_pieces": 1, "expiration_date": "2021-04-30T12:43:00+06:00"}}]}, "created_at": "2021-04-27T04:07:10.752Z"}}, {"model": "item.storeorderhistory", "pk": 12, "fields": {"store_order": 2, "store_order_data": {"id": 2, "depot": 1, "store": 1, "status": 1, "address": "string", "store_ordered_items": [{"id": 2, "parts": null, "quantity": 20, "num_pieces": 0, "global_item": {"id": 1, "name": "Test", "image": "/media/global-items/levomekol_40g_maz3_n_1400_WRgTZLC.jpg", "series": "f123123", "category": 1, "producer": "test", "unique_id": "123231231231", "description": "fdsafas", "price_selling": 999.0, "max_num_pieces": 1, "expiration_date": "2021-04-30T12:43:00+06:00"}}, {"id": 8, "parts": null, "quantity": 20, "num_pieces": 0, "global_item": {"id": 1, "name": "Test", "image": "/media/global-items/levomekol_40g_maz3_n_1400_WRgTZLC.jpg", "series": "f123123", "category": 1, "producer": "test", "unique_id": "123231231231", "description": "fdsafas", "price_selling": 999.0, "max_num_pieces": 1, "expiration_date": "2021-04-30T12:43:00+06:00"}}, {"id": 9, "parts": null, "quantity": 20, "num_pieces": 0, "global_item": {"id": 1, "name": "Test", "image": "/media/global-items/levomekol_40g_maz3_n_1400_WRgTZLC.jpg", "series": "f123123", "category": 1, "producer": "test", "unique_id": "123231231231", "description": "fdsafas", "price_selling": 999.0, "max_num_pieces": 1, "expiration_date": "2021-04-30T12:43:00+06:00"}}, {"id": 10, "parts": null, "quantity": 20, "num_pieces": 0, "global_item": {"id": 1, "name": "Test", "image": "/media/global-items/levomekol_40g_maz3_n_1400_WRgTZLC.jpg", "series": "f123123", "category": 1, "producer": "test", "unique_id": "123231231231", "description": "fdsafas", "price_selling": 999.0, "max_num_pieces": 1, "expiration_date": "2021-04-30T12:43:00+06:00"}}, {"id": 11, "parts": null, "quantity": 20, "num_pieces": 0, "global_item": {"id": 1, "name": "Test", "image": "/media/global-items/levomekol_40g_maz3_n_1400_WRgTZLC.jpg", "series": "f123123", "category": 1, "producer": "test", "unique_id": "123231231231", "description": "fdsafas", "price_selling": 999.0, "max_num_pieces": 1, "expiration_date": "2021-04-30T12:43:00+06:00"}}]}, "created_at": "2021-04-27T04:08:25.072Z"}}, {"model": "item.storeorderhistory", "pk": 13, "fields": {"store_order": 2, "store_order_data": {"id": 2, "depot": 1, "store": 1, "status": 1, "address": "string", "store_ordered_items": [{"id": 2, "parts": null, "quantity": 20, "num_pieces": 0, "global_item": {"id": 1, "name": "Test", "image": "/media/global-items/levomekol_40g_maz3_n_1400_WRgTZLC.jpg", "series": "f123123", "category": 1, "producer": "test", "unique_id": "123231231231", "description": "fdsafas", "price_selling": 999.0, "max_num_pieces": 1, "expiration_date": "2021-04-30T12:43:00+06:00"}}, {"id": 8, "parts": null, "quantity": 20, "num_pieces": 0, "global_item": {"id": 1, "name": "Test", "image": "/media/global-items/levomekol_40g_maz3_n_1400_WRgTZLC.jpg", "series": "f123123", "category": 1, "producer": "test", "unique_id": "123231231231", "description": "fdsafas", "price_selling": 999.0, "max_num_pieces": 1, "expiration_date": "2021-04-30T12:43:00+06:00"}}, {"id": 9, "parts": null, "quantity": 20, "num_pieces": 0, "global_item": {"id": 1, "name": "Test", "image": "/media/global-items/levomekol_40g_maz3_n_1400_WRgTZLC.jpg", "series": "f123123", "category": 1, "producer": "test", "unique_id": "123231231231", "description": "fdsafas", "price_selling": 999.0, "max_num_pieces": 1, "expiration_date": "2021-04-30T12:43:00+06:00"}}, {"id": 10, "parts": null, "quantity": 20, "num_pieces": 0, "global_item": {"id": 1, "name": "Test", "image": "/media/global-items/levomekol_40g_maz3_n_1400_WRgTZLC.jpg", "series": "f123123", "category": 1, "producer": "test", "unique_id": "123231231231", "description": "fdsafas", "price_selling": 999.0, "max_num_pieces": 1, "expiration_date": "2021-04-30T12:43:00+06:00"}}, {"id": 11, "parts": null, "quantity": 20, "num_pieces": 0, "global_item": {"id": 1, "name": "Test", "image": "/media/global-items/levomekol_40g_maz3_n_1400_WRgTZLC.jpg", "series": "f123123", "category": 1, "producer": "test", "unique_id": "123231231231", "description": "fdsafas", "price_selling": 999.0, "max_num_pieces": 1, "expiration_date": "2021-04-30T12:43:00+06:00"}}, {"id": 12, "parts": null, "quantity": 20, "num_pieces": 0, "global_item": {"id": 1, "name": "Test", "image": "/media/global-items/levomekol_40g_maz3_n_1400_WRgTZLC.jpg", "series": "f123123", "category": 1, "producer": "test", "unique_id": "123231231231", "description": "fdsafas", "price_selling": 999.0, "max_num_pieces": 1, "expiration_date": "2021-04-30T12:43:00+06:00"}}]}, "created_at": "2021-04-27T04:10:27.475Z"}}, {"model": "item.storeorderhistory", "pk": 14, "fields": {"store_order": 2, "store_order_data": {"id": 2, "depot": 1, "store": 1, "status": 1, "address": "string", "store_ordered_items": [{"id": 2, "parts": null, "quantity": 20, "num_pieces": 0, "global_item": {"id": 1, "name": "Test", "image": "/media/global-items/levomekol_40g_maz3_n_1400_WRgTZLC.jpg", "series": "f123123", "category": 1, "producer": "test", "unique_id": "123231231231", "description": "fdsafas", "price_selling": 999.0, "max_num_pieces": 1, "expiration_date": "2021-04-30T12:43:00+06:00"}}, {"id": 8, "parts": null, "quantity": 20, "num_pieces": 0, "global_item": {"id": 1, "name": "Test", "image": "/media/global-items/levomekol_40g_maz3_n_1400_WRgTZLC.jpg", "series": "f123123", "category": 1, "producer": "test", "unique_id": "123231231231", "description": "fdsafas", "price_selling": 999.0, "max_num_pieces": 1, "expiration_date": "2021-04-30T12:43:00+06:00"}}, {"id": 9, "parts": null, "quantity": 20, "num_pieces": 0, "global_item": {"id": 1, "name": "Test", "image": "/media/global-items/levomekol_40g_maz3_n_1400_WRgTZLC.jpg", "series": "f123123", "category": 1, "producer": "test", "unique_id": "123231231231", "description": "fdsafas", "price_selling": 999.0, "max_num_pieces": 1, "expiration_date": "2021-04-30T12:43:00+06:00"}}, {"id": 10, "parts": null, "quantity": 20, "num_pieces": 0, "global_item": {"id": 1, "name": "Test", "image": "/media/global-items/levomekol_40g_maz3_n_1400_WRgTZLC.jpg", "series": "f123123", "category": 1, "producer": "test", "unique_id": "123231231231", "description": "fdsafas", "price_selling": 999.0, "max_num_pieces": 1, "expiration_date": "2021-04-30T12:43:00+06:00"}}, {"id": 11, "parts": null, "quantity": 20, "num_pieces": 0, "global_item": {"id": 1, "name": "Test", "image": "/media/global-items/levomekol_40g_maz3_n_1400_WRgTZLC.jpg", "series": "f123123", "category": 1, "producer": "test", "unique_id": "123231231231", "description": "fdsafas", "price_selling": 999.0, "max_num_pieces": 1, "expiration_date": "2021-04-30T12:43:00+06:00"}}, {"id": 12, "parts": null, "quantity": 20, "num_pieces": 0, "global_item": {"id": 1, "name": "Test", "image": "/media/global-items/levomekol_40g_maz3_n_1400_WRgTZLC.jpg", "series": "f123123", "category": 1, "producer": "test", "unique_id": "123231231231", "description": "fdsafas", "price_selling": 999.0, "max_num_pieces": 1, "expiration_date": "2021-04-30T12:43:00+06:00"}}, {"id": 13, "parts": null, "quantity": 20, "num_pieces": 0, "global_item": {"id": 1, "name": "Test", "image": "/media/global-items/levomekol_40g_maz3_n_1400_WRgTZLC.jpg", "series": "f123123", "category": 1, "producer": "test", "unique_id": "123231231231", "description": "fdsafas", "price_selling": 999.0, "max_num_pieces": 1, "expiration_date": "2021-04-30T12:43:00+06:00"}}]}, "created_at": "2021-04-27T04:12:12.508Z"}}, {"model": "item.storeorderhistory", "pk": 15, "fields": {"store_order": 2, "store_order_data": {"id": 2, "depot": 1, "store": 1, "status": 1, "address": "string", "store_ordered_items": [{"id": 2, "parts": null, "quantity": 20, "num_pieces": 0, "global_item": {"id": 1, "name": "Test", "image": "/media/global-items/levomekol_40g_maz3_n_1400_WRgTZLC.jpg", "series": "f123123", "category": 1, "producer": "test", "unique_id": "123231231231", "description": "fdsafas", "price_selling": 999.0, "max_num_pieces": 1, "expiration_date": "2021-04-30T12:43:00+06:00"}}, {"id": 8, "parts": null, "quantity": 20, "num_pieces": 0, "global_item": {"id": 1, "name": "Test", "image": "/media/global-items/levomekol_40g_maz3_n_1400_WRgTZLC.jpg", "series": "f123123", "category": 1, "producer": "test", "unique_id": "123231231231", "description": "fdsafas", "price_selling": 999.0, "max_num_pieces": 1, "expiration_date": "2021-04-30T12:43:00+06:00"}}, {"id": 9, "parts": null, "quantity": 20, "num_pieces": 0, "global_item": {"id": 1, "name": "Test", "image": "/media/global-items/levomekol_40g_maz3_n_1400_WRgTZLC.jpg", "series": "f123123", "category": 1, "producer": "test", "unique_id": "123231231231", "description": "fdsafas", "price_selling": 999.0, "max_num_pieces": 1, "expiration_date": "2021-04-30T12:43:00+06:00"}}, {"id": 10, "parts": null, "quantity": 20, "num_pieces": 0, "global_item": {"id": 1, "name": "Test", "image": "/media/global-items/levomekol_40g_maz3_n_1400_WRgTZLC.jpg", "series": "f123123", "category": 1, "producer": "test", "unique_id": "123231231231", "description": "fdsafas", "price_selling": 999.0, "max_num_pieces": 1, "expiration_date": "2021-04-30T12:43:00+06:00"}}, {"id": 11, "parts": null, "quantity": 20, "num_pieces": 0, "global_item": {"id": 1, "name": "Test", "image": "/media/global-items/levomekol_40g_maz3_n_1400_WRgTZLC.jpg", "series": "f123123", "category": 1, "producer": "test", "unique_id": "123231231231", "description": "fdsafas", "price_selling": 999.0, "max_num_pieces": 1, "expiration_date": "2021-04-30T12:43:00+06:00"}}, {"id": 12, "parts": null, "quantity": 20, "num_pieces": 0, "global_item": {"id": 1, "name": "Test", "image": "/media/global-items/levomekol_40g_maz3_n_1400_WRgTZLC.jpg", "series": "f123123", "category": 1, "producer": "test", "unique_id": "123231231231", "description": "fdsafas", "price_selling": 999.0, "max_num_pieces": 1, "expiration_date": "2021-04-30T12:43:00+06:00"}}, {"id": 13, "parts": null, "quantity": 20, "num_pieces": 0, "global_item": {"id": 1, "name": "Test", "image": "/media/global-items/levomekol_40g_maz3_n_1400_WRgTZLC.jpg", "series": "f123123", "category": 1, "producer": "test", "unique_id": "123231231231", "description": "fdsafas", "price_selling": 999.0, "max_num_pieces": 1, "expiration_date": "2021-04-30T12:43:00+06:00"}}, {"id": 14, "parts": null, "quantity": 20, "num_pieces": 0, "global_item": {"id": 1, "name": "Test", "image": "/media/global-items/levomekol_40g_maz3_n_1400_WRgTZLC.jpg", "series": "f123123", "category": 1, "producer": "test", "unique_id": "123231231231", "description": "fdsafas", "price_selling": 999.0, "max_num_pieces": 1, "expiration_date": "2021-04-30T12:43:00+06:00"}}, {"id": 15, "parts": null, "quantity": 30, "num_pieces": 0, "global_item": {"id": 1, "name": "Test", "image": "/media/global-items/levomekol_40g_maz3_n_1400_WRgTZLC.jpg", "series": "f123123", "category": 1, "producer": "test", "unique_id": "123231231231", "description": "fdsafas", "price_selling": 999.0, "max_num_pieces": 1, "expiration_date": "2021-04-30T12:43:00+06:00"}}]}, "created_at": "2021-04-27T04:13:13.740Z"}}, {"model": "item.storeorderhistory", "pk": 16, "fields": {"store_order": 2, "store_order_data": {"id": 2, "depot": 1, "store": 1, "status": 1, "address": "string", "store_ordered_items": [{"id": 2, "parts": null, "quantity": 20, "num_pieces": 0, "global_item": {"id": 1, "name": "Test", "image": "/media/global-items/levomekol_40g_maz3_n_1400_WRgTZLC.jpg", "series": "f123123", "category": 1, "producer": "test", "unique_id": "123231231231", "description": "fdsafas", "price_selling": 999.0, "max_num_pieces": 1, "expiration_date": "2021-04-30T12:43:00+06:00"}}, {"id": 8, "parts": null, "quantity": 20, "num_pieces": 0, "global_item": {"id": 1, "name": "Test", "image": "/media/global-items/levomekol_40g_maz3_n_1400_WRgTZLC.jpg", "series": "f123123", "category": 1, "producer": "test", "unique_id": "123231231231", "description": "fdsafas", "price_selling": 999.0, "max_num_pieces": 1, "expiration_date": "2021-04-30T12:43:00+06:00"}}, {"id": 9, "parts": null, "quantity": 20, "num_pieces": 0, "global_item": {"id": 1, "name": "Test", "image": "/media/global-items/levomekol_40g_maz3_n_1400_WRgTZLC.jpg", "series": "f123123", "category": 1, "producer": "test", "unique_id": "123231231231", "description": "fdsafas", "price_selling": 999.0, "max_num_pieces": 1, "expiration_date": "2021-04-30T12:43:00+06:00"}}, {"id": 10, "parts": null, "quantity": 20, "num_pieces": 0, "global_item": {"id": 1, "name": "Test", "image": "/media/global-items/levomekol_40g_maz3_n_1400_WRgTZLC.jpg", "series": "f123123", "category": 1, "producer": "test", "unique_id": "123231231231", "description": "fdsafas", "price_selling": 999.0, "max_num_pieces": 1, "expiration_date": "2021-04-30T12:43:00+06:00"}}, {"id": 11, "parts": null, "quantity": 20, "num_pieces": 0, "global_item": {"id": 1, "name": "Test", "image": "/media/global-items/levomekol_40g_maz3_n_1400_WRgTZLC.jpg", "series": "f123123", "category": 1, "producer": "test", "unique_id": "123231231231", "description": "fdsafas", "price_selling": 999.0, "max_num_pieces": 1, "expiration_date": "2021-04-30T12:43:00+06:00"}}, {"id": 12, "parts": null, "quantity": 20, "num_pieces": 0, "global_item": {"id": 1, "name": "Test", "image": "/media/global-items/levomekol_40g_maz3_n_1400_WRgTZLC.jpg", "series": "f123123", "category": 1, "producer": "test", "unique_id": "123231231231", "description": "fdsafas", "price_selling": 999.0, "max_num_pieces": 1, "expiration_date": "2021-04-30T12:43:00+06:00"}}, {"id": 13, "parts": null, "quantity": 20, "num_pieces": 0, "global_item": {"id": 1, "name": "Test", "image": "/media/global-items/levomekol_40g_maz3_n_1400_WRgTZLC.jpg", "series": "f123123", "category": 1, "producer": "test", "unique_id": "123231231231", "description": "fdsafas", "price_selling": 999.0, "max_num_pieces": 1, "expiration_date": "2021-04-30T12:43:00+06:00"}}, {"id": 14, "parts": null, "quantity": 20, "num_pieces": 0, "global_item": {"id": 1, "name": "Test", "image": "/media/global-items/levomekol_40g_maz3_n_1400_WRgTZLC.jpg", "series": "f123123", "category": 1, "producer": "test", "unique_id": "123231231231", "description": "fdsafas", "price_selling": 999.0, "max_num_pieces": 1, "expiration_date": "2021-04-30T12:43:00+06:00"}}, {"id": 15, "parts": null, "quantity": 30, "num_pieces": 0, "global_item": {"id": 1, "name": "Test", "image": "/media/global-items/levomekol_40g_maz3_n_1400_WRgTZLC.jpg", "series": "f123123", "category": 1, "producer": "test", "unique_id": "123231231231", "description": "fdsafas", "price_selling": 999.0, "max_num_pieces": 1, "expiration_date": "2021-04-30T12:43:00+06:00"}}, {"id": 16, "parts": null, "quantity": 20, "num_pieces": 0, "global_item": {"id": 1, "name": "Test", "image": "/media/global-items/levomekol_40g_maz3_n_1400_WRgTZLC.jpg", "series": "f123123", "category": 1, "producer": "test", "unique_id": "123231231231", "description": "fdsafas", "price_selling": 999.0, "max_num_pieces": 1, "expiration_date": "2021-04-30T12:43:00+06:00"}}, {"id": 17, "parts": null, "quantity": 30, "num_pieces": 0, "global_item": {"id": 1, "name": "Test", "image": "/media/global-items/levomekol_40g_maz3_n_1400_WRgTZLC.jpg", "series": "f123123", "category": 1, "producer": "test", "unique_id": "123231231231", "description": "fdsafas", "price_selling": 999.0, "max_num_pieces": 1, "expiration_date": "2021-04-30T12:43:00+06:00"}}]}, "created_at": "2021-04-27T04:13:59.350Z"}}, {"model": "item.storeorderhistory", "pk": 17, "fields": {"store_order": 2, "store_order_data": {"id": 2, "depot": 1, "store": 1, "status": 1, "address": "string", "store_ordered_items": [{"id": 2, "parts": null, "quantity": 20, "num_pieces": 0, "global_item": {"id": 1, "name": "Test", "image": "/media/global-items/levomekol_40g_maz3_n_1400_WRgTZLC.jpg", "series": "f123123", "category": 1, "producer": "test", "unique_id": "123231231231", "description": "fdsafas", "price_selling": 999.0, "max_num_pieces": 1, "expiration_date": "2021-04-30T12:43:00+06:00"}}, {"id": 8, "parts": null, "quantity": 20, "num_pieces": 0, "global_item": {"id": 1, "name": "Test", "image": "/media/global-items/levomekol_40g_maz3_n_1400_WRgTZLC.jpg", "series": "f123123", "category": 1, "producer": "test", "unique_id": "123231231231", "description": "fdsafas", "price_selling": 999.0, "max_num_pieces": 1, "expiration_date": "2021-04-30T12:43:00+06:00"}}, {"id": 9, "parts": null, "quantity": 20, "num_pieces": 0, "global_item": {"id": 1, "name": "Test", "image": "/media/global-items/levomekol_40g_maz3_n_1400_WRgTZLC.jpg", "series": "f123123", "category": 1, "producer": "test", "unique_id": "123231231231", "description": "fdsafas", "price_selling": 999.0, "max_num_pieces": 1, "expiration_date": "2021-04-30T12:43:00+06:00"}}, {"id": 10, "parts": null, "quantity": 20, "num_pieces": 0, "global_item": {"id": 1, "name": "Test", "image": "/media/global-items/levomekol_40g_maz3_n_1400_WRgTZLC.jpg", "series": "f123123", "category": 1, "producer": "test", "unique_id": "123231231231", "description": "fdsafas", "price_selling": 999.0, "max_num_pieces": 1, "expiration_date": "2021-04-30T12:43:00+06:00"}}, {"id": 11, "parts": null, "quantity": 20, "num_pieces": 0, "global_item": {"id": 1, "name": "Test", "image": "/media/global-items/levomekol_40g_maz3_n_1400_WRgTZLC.jpg", "series": "f123123", "category": 1, "producer": "test", "unique_id": "123231231231", "description": "fdsafas", "price_selling": 999.0, "max_num_pieces": 1, "expiration_date": "2021-04-30T12:43:00+06:00"}}, {"id": 12, "parts": null, "quantity": 20, "num_pieces": 0, "global_item": {"id": 1, "name": "Test", "image": "/media/global-items/levomekol_40g_maz3_n_1400_WRgTZLC.jpg", "series": "f123123", "category": 1, "producer": "test", "unique_id": "123231231231", "description": "fdsafas", "price_selling": 999.0, "max_num_pieces": 1, "expiration_date": "2021-04-30T12:43:00+06:00"}}, {"id": 13, "parts": null, "quantity": 20, "num_pieces": 0, "global_item": {"id": 1, "name": "Test", "image": "/media/global-items/levomekol_40g_maz3_n_1400_WRgTZLC.jpg", "series": "f123123", "category": 1, "producer": "test", "unique_id": "123231231231", "description": "fdsafas", "price_selling": 999.0, "max_num_pieces": 1, "expiration_date": "2021-04-30T12:43:00+06:00"}}, {"id": 14, "parts": null, "quantity": 20, "num_pieces": 0, "global_item": {"id": 1, "name": "Test", "image": "/media/global-items/levomekol_40g_maz3_n_1400_WRgTZLC.jpg", "series": "f123123", "category": 1, "producer": "test", "unique_id": "123231231231", "description": "fdsafas", "price_selling": 999.0, "max_num_pieces": 1, "expiration_date": "2021-04-30T12:43:00+06:00"}}, {"id": 15, "parts": null, "quantity": 30, "num_pieces": 0, "global_item": {"id": 1, "name": "Test", "image": "/media/global-items/levomekol_40g_maz3_n_1400_WRgTZLC.jpg", "series": "f123123", "category": 1, "producer": "test", "unique_id": "123231231231", "description": "fdsafas", "price_selling": 999.0, "max_num_pieces": 1, "expiration_date": "2021-04-30T12:43:00+06:00"}}, {"id": 16, "parts": null, "quantity": 20, "num_pieces": 0, "global_item": {"id": 1, "name": "Test", "image": "/media/global-items/levomekol_40g_maz3_n_1400_WRgTZLC.jpg", "series": "f123123", "category": 1, "producer": "test", "unique_id": "123231231231", "description": "fdsafas", "price_selling": 999.0, "max_num_pieces": 1, "expiration_date": "2021-04-30T12:43:00+06:00"}}, {"id": 17, "parts": null, "quantity": 30, "num_pieces": 0, "global_item": {"id": 1, "name": "Test", "image": "/media/global-items/levomekol_40g_maz3_n_1400_WRgTZLC.jpg", "series": "f123123", "category": 1, "producer": "test", "unique_id": "123231231231", "description": "fdsafas", "price_selling": 999.0, "max_num_pieces": 1, "expiration_date": "2021-04-30T12:43:00+06:00"}}, {"id": 18, "parts": null, "quantity": 20, "num_pieces": 0, "global_item": {"id": 1, "name": "Test", "image": "/media/global-items/levomekol_40g_maz3_n_1400_WRgTZLC.jpg", "series": "f123123", "category": 1, "producer": "test", "unique_id": "123231231231", "description": "fdsafas", "price_selling": 999.0, "max_num_pieces": 1, "expiration_date": "2021-04-30T12:43:00+06:00"}}, {"id": 19, "parts": null, "quantity": 30, "num_pieces": 0, "global_item": {"id": 1, "name": "Test", "image": "/media/global-items/levomekol_40g_maz3_n_1400_WRgTZLC.jpg", "series": "f123123", "category": 1, "producer": "test", "unique_id": "123231231231", "description": "fdsafas", "price_selling": 999.0, "max_num_pieces": 1, "expiration_date": "2021-04-30T12:43:00+06:00"}}]}, "created_at": "2021-04-27T04:15:15.965Z"}}, {"model": "item.storeorderhistory", "pk": 18, "fields": {"store_order": 2, "store_order_data": {"id": 2, "depot": 1, "store": 1, "status": 1, "address": "string", "store_ordered_items": [{"id": 2, "parts": null, "quantity": 20, "num_pieces": 0, "global_item": {"id": 1, "name": "Test", "image": "/media/global-items/levomekol_40g_maz3_n_1400_WRgTZLC.jpg", "series": "f123123", "category": 1, "producer": "test", "unique_id": "123231231231", "description": "fdsafas", "price_selling": 999.0, "max_num_pieces": 1, "expiration_date": "2021-04-30T12:43:00+06:00"}}, {"id": 8, "parts": null, "quantity": 20, "num_pieces": 0, "global_item": {"id": 1, "name": "Test", "image": "/media/global-items/levomekol_40g_maz3_n_1400_WRgTZLC.jpg", "series": "f123123", "category": 1, "producer": "test", "unique_id": "123231231231", "description": "fdsafas", "price_selling": 999.0, "max_num_pieces": 1, "expiration_date": "2021-04-30T12:43:00+06:00"}}, {"id": 9, "parts": null, "quantity": 20, "num_pieces": 0, "global_item": {"id": 1, "name": "Test", "image": "/media/global-items/levomekol_40g_maz3_n_1400_WRgTZLC.jpg", "series": "f123123", "category": 1, "producer": "test", "unique_id": "123231231231", "description": "fdsafas", "price_selling": 999.0, "max_num_pieces": 1, "expiration_date": "2021-04-30T12:43:00+06:00"}}, {"id": 10, "parts": null, "quantity": 20, "num_pieces": 0, "global_item": {"id": 1, "name": "Test", "image": "/media/global-items/levomekol_40g_maz3_n_1400_WRgTZLC.jpg", "series": "f123123", "category": 1, "producer": "test", "unique_id": "123231231231", "description": "fdsafas", "price_selling": 999.0, "max_num_pieces": 1, "expiration_date": "2021-04-30T12:43:00+06:00"}}, {"id": 11, "parts": null, "quantity": 20, "num_pieces": 0, "global_item": {"id": 1, "name": "Test", "image": "/media/global-items/levomekol_40g_maz3_n_1400_WRgTZLC.jpg", "series": "f123123", "category": 1, "producer": "test", "unique_id": "123231231231", "description": "fdsafas", "price_selling": 999.0, "max_num_pieces": 1, "expiration_date": "2021-04-30T12:43:00+06:00"}}, {"id": 12, "parts": null, "quantity": 20, "num_pieces": 0, "global_item": {"id": 1, "name": "Test", "image": "/media/global-items/levomekol_40g_maz3_n_1400_WRgTZLC.jpg", "series": "f123123", "category": 1, "producer": "test", "unique_id": "123231231231", "description": "fdsafas", "price_selling": 999.0, "max_num_pieces": 1, "expiration_date": "2021-04-30T12:43:00+06:00"}}, {"id": 13, "parts": null, "quantity": 20, "num_pieces": 0, "global_item": {"id": 1, "name": "Test", "image": "/media/global-items/levomekol_40g_maz3_n_1400_WRgTZLC.jpg", "series": "f123123", "category": 1, "producer": "test", "unique_id": "123231231231", "description": "fdsafas", "price_selling": 999.0, "max_num_pieces": 1, "expiration_date": "2021-04-30T12:43:00+06:00"}}, {"id": 14, "parts": null, "quantity": 20, "num_pieces": 0, "global_item": {"id": 1, "name": "Test", "image": "/media/global-items/levomekol_40g_maz3_n_1400_WRgTZLC.jpg", "series": "f123123", "category": 1, "producer": "test", "unique_id": "123231231231", "description": "fdsafas", "price_selling": 999.0, "max_num_pieces": 1, "expiration_date": "2021-04-30T12:43:00+06:00"}}, {"id": 15, "parts": null, "quantity": 30, "num_pieces": 0, "global_item": {"id": 1, "name": "Test", "image": "/media/global-items/levomekol_40g_maz3_n_1400_WRgTZLC.jpg", "series": "f123123", "category": 1, "producer": "test", "unique_id": "123231231231", "description": "fdsafas", "price_selling": 999.0, "max_num_pieces": 1, "expiration_date": "2021-04-30T12:43:00+06:00"}}, {"id": 16, "parts": null, "quantity": 20, "num_pieces": 0, "global_item": {"id": 1, "name": "Test", "image": "/media/global-items/levomekol_40g_maz3_n_1400_WRgTZLC.jpg", "series": "f123123", "category": 1, "producer": "test", "unique_id": "123231231231", "description": "fdsafas", "price_selling": 999.0, "max_num_pieces": 1, "expiration_date": "2021-04-30T12:43:00+06:00"}}, {"id": 17, "parts": null, "quantity": 30, "num_pieces": 0, "global_item": {"id": 1, "name": "Test", "image": "/media/global-items/levomekol_40g_maz3_n_1400_WRgTZLC.jpg", "series": "f123123", "category": 1, "producer": "test", "unique_id": "123231231231", "description": "fdsafas", "price_selling": 999.0, "max_num_pieces": 1, "expiration_date": "2021-04-30T12:43:00+06:00"}}, {"id": 18, "parts": null, "quantity": 20, "num_pieces": 0, "global_item": {"id": 1, "name": "Test", "image": "/media/global-items/levomekol_40g_maz3_n_1400_WRgTZLC.jpg", "series": "f123123", "category": 1, "producer": "test", "unique_id": "123231231231", "description": "fdsafas", "price_selling": 999.0, "max_num_pieces": 1, "expiration_date": "2021-04-30T12:43:00+06:00"}}, {"id": 19, "parts": null, "quantity": 30, "num_pieces": 0, "global_item": {"id": 1, "name": "Test", "image": "/media/global-items/levomekol_40g_maz3_n_1400_WRgTZLC.jpg", "series": "f123123", "category": 1, "producer": "test", "unique_id": "123231231231", "description": "fdsafas", "price_selling": 999.0, "max_num_pieces": 1, "expiration_date": "2021-04-30T12:43:00+06:00"}}, {"id": 20, "parts": null, "quantity": 20, "num_pieces": 0, "global_item": {"id": 1, "name": "Test", "image": "/media/global-items/levomekol_40g_maz3_n_1400_WRgTZLC.jpg", "series": "f123123", "category": 1, "producer": "test", "unique_id": "123231231231", "description": "fdsafas", "price_selling": 999.0, "max_num_pieces": 1, "expiration_date": "2021-04-30T12:43:00+06:00"}}, {"id": 21, "parts": null, "quantity": 30, "num_pieces": 0, "global_item": {"id": 1, "name": "Test", "image": "/media/global-items/levomekol_40g_maz3_n_1400_WRgTZLC.jpg", "series": "f123123", "category": 1, "producer": "test", "unique_id": "123231231231", "description": "fdsafas", "price_selling": 999.0, "max_num_pieces": 1, "expiration_date": "2021-04-30T12:43:00+06:00"}}]}, "created_at": "2021-04-27T04:16:03.444Z"}}, {"model": "item.storeorderhistory", "pk": 19, "fields": {"store_order": 2, "store_order_data": {"id": 2, "depot": 1, "store": 1, "status": 1, "address": "string", "store_ordered_items": [{"id": 2, "parts": null, "quantity": 20, "num_pieces": 0, "global_item": {"id": 1, "name": "Test", "image": "/media/global-items/levomekol_40g_maz3_n_1400_WRgTZLC.jpg", "series": "f123123", "category": 1, "producer": "test", "unique_id": "123231231231", "description": "fdsafas", "price_selling": 999.0, "max_num_pieces": 1, "expiration_date": "2021-04-30T12:43:00+06:00"}}, {"id": 8, "parts": null, "quantity": 20, "num_pieces": 0, "global_item": {"id": 1, "name": "Test", "image": "/media/global-items/levomekol_40g_maz3_n_1400_WRgTZLC.jpg", "series": "f123123", "category": 1, "producer": "test", "unique_id": "123231231231", "description": "fdsafas", "price_selling": 999.0, "max_num_pieces": 1, "expiration_date": "2021-04-30T12:43:00+06:00"}}, {"id": 9, "parts": null, "quantity": 20, "num_pieces": 0, "global_item": {"id": 1, "name": "Test", "image": "/media/global-items/levomekol_40g_maz3_n_1400_WRgTZLC.jpg", "series": "f123123", "category": 1, "producer": "test", "unique_id": "123231231231", "description": "fdsafas", "price_selling": 999.0, "max_num_pieces": 1, "expiration_date": "2021-04-30T12:43:00+06:00"}}, {"id": 10, "parts": null, "quantity": 20, "num_pieces": 0, "global_item": {"id": 1, "name": "Test", "image": "/media/global-items/levomekol_40g_maz3_n_1400_WRgTZLC.jpg", "series": "f123123", "category": 1, "producer": "test", "unique_id": "123231231231", "description": "fdsafas", "price_selling": 999.0, "max_num_pieces": 1, "expiration_date": "2021-04-30T12:43:00+06:00"}}, {"id": 11, "parts": null, "quantity": 20, "num_pieces": 0, "global_item": {"id": 1, "name": "Test", "image": "/media/global-items/levomekol_40g_maz3_n_1400_WRgTZLC.jpg", "series": "f123123", "category": 1, "producer": "test", "unique_id": "123231231231", "description": "fdsafas", "price_selling": 999.0, "max_num_pieces": 1, "expiration_date": "2021-04-30T12:43:00+06:00"}}, {"id": 12, "parts": null, "quantity": 20, "num_pieces": 0, "global_item": {"id": 1, "name": "Test", "image": "/media/global-items/levomekol_40g_maz3_n_1400_WRgTZLC.jpg", "series": "f123123", "category": 1, "producer": "test", "unique_id": "123231231231", "description": "fdsafas", "price_selling": 999.0, "max_num_pieces": 1, "expiration_date": "2021-04-30T12:43:00+06:00"}}, {"id": 13, "parts": null, "quantity": 20, "num_pieces": 0, "global_item": {"id": 1, "name": "Test", "image": "/media/global-items/levomekol_40g_maz3_n_1400_WRgTZLC.jpg", "series": "f123123", "category": 1, "producer": "test", "unique_id": "123231231231", "description": "fdsafas", "price_selling": 999.0, "max_num_pieces": 1, "expiration_date": "2021-04-30T12:43:00+06:00"}}, {"id": 14, "parts": null, "quantity": 20, "num_pieces": 0, "global_item": {"id": 1, "name": "Test", "image": "/media/global-items/levomekol_40g_maz3_n_1400_WRgTZLC.jpg", "series": "f123123", "category": 1, "producer": "test", "unique_id": "123231231231", "description": "fdsafas", "price_selling": 999.0, "max_num_pieces": 1, "expiration_date": "2021-04-30T12:43:00+06:00"}}, {"id": 15, "parts": null, "quantity": 30, "num_pieces": 0, "global_item": {"id": 1, "name": "Test", "image": "/media/global-items/levomekol_40g_maz3_n_1400_WRgTZLC.jpg", "series": "f123123", "category": 1, "producer": "test", "unique_id": "123231231231", "description": "fdsafas", "price_selling": 999.0, "max_num_pieces": 1, "expiration_date": "2021-04-30T12:43:00+06:00"}}, {"id": 16, "parts": null, "quantity": 20, "num_pieces": 0, "global_item": {"id": 1, "name": "Test", "image": "/media/global-items/levomekol_40g_maz3_n_1400_WRgTZLC.jpg", "series": "f123123", "category": 1, "producer": "test", "unique_id": "123231231231", "description": "fdsafas", "price_selling": 999.0, "max_num_pieces": 1, "expiration_date": "2021-04-30T12:43:00+06:00"}}, {"id": 17, "parts": null, "quantity": 30, "num_pieces": 0, "global_item": {"id": 1, "name": "Test", "image": "/media/global-items/levomekol_40g_maz3_n_1400_WRgTZLC.jpg", "series": "f123123", "category": 1, "producer": "test", "unique_id": "123231231231", "description": "fdsafas", "price_selling": 999.0, "max_num_pieces": 1, "expiration_date": "2021-04-30T12:43:00+06:00"}}, {"id": 18, "parts": null, "quantity": 20, "num_pieces": 0, "global_item": {"id": 1, "name": "Test", "image": "/media/global-items/levomekol_40g_maz3_n_1400_WRgTZLC.jpg", "series": "f123123", "category": 1, "producer": "test", "unique_id": "123231231231", "description": "fdsafas", "price_selling": 999.0, "max_num_pieces": 1, "expiration_date": "2021-04-30T12:43:00+06:00"}}, {"id": 19, "parts": null, "quantity": 30, "num_pieces": 0, "global_item": {"id": 1, "name": "Test", "image": "/media/global-items/levomekol_40g_maz3_n_1400_WRgTZLC.jpg", "series": "f123123", "category": 1, "producer": "test", "unique_id": "123231231231", "description": "fdsafas", "price_selling": 999.0, "max_num_pieces": 1, "expiration_date": "2021-04-30T12:43:00+06:00"}}, {"id": 20, "parts": null, "quantity": 20, "num_pieces": 0, "global_item": {"id": 1, "name": "Test", "image": "/media/global-items/levomekol_40g_maz3_n_1400_WRgTZLC.jpg", "series": "f123123", "category": 1, "producer": "test", "unique_id": "123231231231", "description": "fdsafas", "price_selling": 999.0, "max_num_pieces": 1, "expiration_date": "2021-04-30T12:43:00+06:00"}}, {"id": 21, "parts": null, "quantity": 30, "num_pieces": 0, "global_item": {"id": 1, "name": "Test", "image": "/media/global-items/levomekol_40g_maz3_n_1400_WRgTZLC.jpg", "series": "f123123", "category": 1, "producer": "test", "unique_id": "123231231231", "description": "fdsafas", "price_selling": 999.0, "max_num_pieces": 1, "expiration_date": "2021-04-30T12:43:00+06:00"}}]}, "created_at": "2021-04-27T04:16:34.797Z"}}, {"model": "item.storeorderhistory", "pk": 20, "fields": {"store_order": 2, "store_order_data": {"id": 2, "depot": 1, "store": 1, "status": 1, "address": "string", "store_ordered_items": [{"id": 2, "parts": null, "quantity": 20, "num_pieces": 0, "global_item": {"id": 1, "name": "Test", "image": "/media/global-items/levomekol_40g_maz3_n_1400_WRgTZLC.jpg", "series": "f123123", "category": 1, "producer": "test", "unique_id": "123231231231", "description": "fdsafas", "price_selling": 999.0, "max_num_pieces": 1, "expiration_date": "2021-04-30T12:43:00+06:00"}}, {"id": 8, "parts": null, "quantity": 20, "num_pieces": 0, "global_item": {"id": 1, "name": "Test", "image": "/media/global-items/levomekol_40g_maz3_n_1400_WRgTZLC.jpg", "series": "f123123", "category": 1, "producer": "test", "unique_id": "123231231231", "description": "fdsafas", "price_selling": 999.0, "max_num_pieces": 1, "expiration_date": "2021-04-30T12:43:00+06:00"}}, {"id": 9, "parts": null, "quantity": 20, "num_pieces": 0, "global_item": {"id": 1, "name": "Test", "image": "/media/global-items/levomekol_40g_maz3_n_1400_WRgTZLC.jpg", "series": "f123123", "category": 1, "producer": "test", "unique_id": "123231231231", "description": "fdsafas", "price_selling": 999.0, "max_num_pieces": 1, "expiration_date": "2021-04-30T12:43:00+06:00"}}, {"id": 10, "parts": null, "quantity": 20, "num_pieces": 0, "global_item": {"id": 1, "name": "Test", "image": "/media/global-items/levomekol_40g_maz3_n_1400_WRgTZLC.jpg", "series": "f123123", "category": 1, "producer": "test", "unique_id": "123231231231", "description": "fdsafas", "price_selling": 999.0, "max_num_pieces": 1, "expiration_date": "2021-04-30T12:43:00+06:00"}}, {"id": 11, "parts": null, "quantity": 20, "num_pieces": 0, "global_item": {"id": 1, "name": "Test", "image": "/media/global-items/levomekol_40g_maz3_n_1400_WRgTZLC.jpg", "series": "f123123", "category": 1, "producer": "test", "unique_id": "123231231231", "description": "fdsafas", "price_selling": 999.0, "max_num_pieces": 1, "expiration_date": "2021-04-30T12:43:00+06:00"}}, {"id": 12, "parts": null, "quantity": 20, "num_pieces": 0, "global_item": {"id": 1, "name": "Test", "image": "/media/global-items/levomekol_40g_maz3_n_1400_WRgTZLC.jpg", "series": "f123123", "category": 1, "producer": "test", "unique_id": "123231231231", "description": "fdsafas", "price_selling": 999.0, "max_num_pieces": 1, "expiration_date": "2021-04-30T12:43:00+06:00"}}, {"id": 13, "parts": null, "quantity": 20, "num_pieces": 0, "global_item": {"id": 1, "name": "Test", "image": "/media/global-items/levomekol_40g_maz3_n_1400_WRgTZLC.jpg", "series": "f123123", "category": 1, "producer": "test", "unique_id": "123231231231", "description": "fdsafas", "price_selling": 999.0, "max_num_pieces": 1, "expiration_date": "2021-04-30T12:43:00+06:00"}}, {"id": 14, "parts": null, "quantity": 20, "num_pieces": 0, "global_item": {"id": 1, "name": "Test", "image": "/media/global-items/levomekol_40g_maz3_n_1400_WRgTZLC.jpg", "series": "f123123", "category": 1, "producer": "test", "unique_id": "123231231231", "description": "fdsafas", "price_selling": 999.0, "max_num_pieces": 1, "expiration_date": "2021-04-30T12:43:00+06:00"}}, {"id": 15, "parts": null, "quantity": 30, "num_pieces": 0, "global_item": {"id": 1, "name": "Test", "image": "/media/global-items/levomekol_40g_maz3_n_1400_WRgTZLC.jpg", "series": "f123123", "category": 1, "producer": "test", "unique_id": "123231231231", "description": "fdsafas", "price_selling": 999.0, "max_num_pieces": 1, "expiration_date": "2021-04-30T12:43:00+06:00"}}, {"id": 16, "parts": null, "quantity": 20, "num_pieces": 0, "global_item": {"id": 1, "name": "Test", "image": "/media/global-items/levomekol_40g_maz3_n_1400_WRgTZLC.jpg", "series": "f123123", "category": 1, "producer": "test", "unique_id": "123231231231", "description": "fdsafas", "price_selling": 999.0, "max_num_pieces": 1, "expiration_date": "2021-04-30T12:43:00+06:00"}}, {"id": 17, "parts": null, "quantity": 30, "num_pieces": 0, "global_item": {"id": 1, "name": "Test", "image": "/media/global-items/levomekol_40g_maz3_n_1400_WRgTZLC.jpg", "series": "f123123", "category": 1, "producer": "test", "unique_id": "123231231231", "description": "fdsafas", "price_selling": 999.0, "max_num_pieces": 1, "expiration_date": "2021-04-30T12:43:00+06:00"}}, {"id": 18, "parts": null, "quantity": 20, "num_pieces": 0, "global_item": {"id": 1, "name": "Test", "image": "/media/global-items/levomekol_40g_maz3_n_1400_WRgTZLC.jpg", "series": "f123123", "category": 1, "producer": "test", "unique_id": "123231231231", "description": "fdsafas", "price_selling": 999.0, "max_num_pieces": 1, "expiration_date": "2021-04-30T12:43:00+06:00"}}, {"id": 19, "parts": null, "quantity": 30, "num_pieces": 0, "global_item": {"id": 1, "name": "Test", "image": "/media/global-items/levomekol_40g_maz3_n_1400_WRgTZLC.jpg", "series": "f123123", "category": 1, "producer": "test", "unique_id": "123231231231", "description": "fdsafas", "price_selling": 999.0, "max_num_pieces": 1, "expiration_date": "2021-04-30T12:43:00+06:00"}}, {"id": 20, "parts": null, "quantity": 20, "num_pieces": 0, "global_item": {"id": 1, "name": "Test", "image": "/media/global-items/levomekol_40g_maz3_n_1400_WRgTZLC.jpg", "series": "f123123", "category": 1, "producer": "test", "unique_id": "123231231231", "description": "fdsafas", "price_selling": 999.0, "max_num_pieces": 1, "expiration_date": "2021-04-30T12:43:00+06:00"}}, {"id": 21, "parts": null, "quantity": 30, "num_pieces": 0, "global_item": {"id": 1, "name": "Test", "image": "/media/global-items/levomekol_40g_maz3_n_1400_WRgTZLC.jpg", "series": "f123123", "category": 1, "producer": "test", "unique_id": "123231231231", "description": "fdsafas", "price_selling": 999.0, "max_num_pieces": 1, "expiration_date": "2021-04-30T12:43:00+06:00"}}, {"id": 22, "parts": null, "quantity": 30, "num_pieces": 0, "global_item": {"id": 1, "name": "Test", "image": "/media/global-items/levomekol_40g_maz3_n_1400_WRgTZLC.jpg", "series": "f123123", "category": 1, "producer": "test", "unique_id": "123231231231", "description": "fdsafas", "price_selling": 999.0, "max_num_pieces": 1, "expiration_date": "2021-04-30T12:43:00+06:00"}}]}, "created_at": "2021-04-27T04:16:52.703Z"}}, {"model": "item.storeorderhistory", "pk": 21, "fields": {"store_order": 2, "store_order_data": {"id": 2, "depot": 1, "store": 1, "status": 1, "address": "string", "store_ordered_items": [{"id": 2, "parts": null, "quantity": 30, "num_pieces": 0, "global_item": {"id": 1, "name": "Test", "image": "/media/global-items/levomekol_40g_maz3_n_1400_WRgTZLC.jpg", "series": "f123123", "category": 1, "producer": "test", "unique_id": "123231231231", "description": "fdsafas", "price_selling": 999.0, "max_num_pieces": 1, "expiration_date": "2021-04-30T12:43:00+06:00"}}, {"id": 8, "parts": null, "quantity": 20, "num_pieces": 0, "global_item": {"id": 1, "name": "Test", "image": "/media/global-items/levomekol_40g_maz3_n_1400_WRgTZLC.jpg", "series": "f123123", "category": 1, "producer": "test", "unique_id": "123231231231", "description": "fdsafas", "price_selling": 999.0, "max_num_pieces": 1, "expiration_date": "2021-04-30T12:43:00+06:00"}}, {"id": 9, "parts": null, "quantity": 20, "num_pieces": 0, "global_item": {"id": 1, "name": "Test", "image": "/media/global-items/levomekol_40g_maz3_n_1400_WRgTZLC.jpg", "series": "f123123", "category": 1, "producer": "test", "unique_id": "123231231231", "description": "fdsafas", "price_selling": 999.0, "max_num_pieces": 1, "expiration_date": "2021-04-30T12:43:00+06:00"}}, {"id": 10, "parts": null, "quantity": 20, "num_pieces": 0, "global_item": {"id": 1, "name": "Test", "image": "/media/global-items/levomekol_40g_maz3_n_1400_WRgTZLC.jpg", "series": "f123123", "category": 1, "producer": "test", "unique_id": "123231231231", "description": "fdsafas", "price_selling": 999.0, "max_num_pieces": 1, "expiration_date": "2021-04-30T12:43:00+06:00"}}, {"id": 11, "parts": null, "quantity": 20, "num_pieces": 0, "global_item": {"id": 1, "name": "Test", "image": "/media/global-items/levomekol_40g_maz3_n_1400_WRgTZLC.jpg", "series": "f123123", "category": 1, "producer": "test", "unique_id": "123231231231", "description": "fdsafas", "price_selling": 999.0, "max_num_pieces": 1, "expiration_date": "2021-04-30T12:43:00+06:00"}}, {"id": 12, "parts": null, "quantity": 20, "num_pieces": 0, "global_item": {"id": 1, "name": "Test", "image": "/media/global-items/levomekol_40g_maz3_n_1400_WRgTZLC.jpg", "series": "f123123", "category": 1, "producer": "test", "unique_id": "123231231231", "description": "fdsafas", "price_selling": 999.0, "max_num_pieces": 1, "expiration_date": "2021-04-30T12:43:00+06:00"}}, {"id": 13, "parts": null, "quantity": 20, "num_pieces": 0, "global_item": {"id": 1, "name": "Test", "image": "/media/global-items/levomekol_40g_maz3_n_1400_WRgTZLC.jpg", "series": "f123123", "category": 1, "producer": "test", "unique_id": "123231231231", "description": "fdsafas", "price_selling": 999.0, "max_num_pieces": 1, "expiration_date": "2021-04-30T12:43:00+06:00"}}, {"id": 14, "parts": null, "quantity": 20, "num_pieces": 0, "global_item": {"id": 1, "name": "Test", "image": "/media/global-items/levomekol_40g_maz3_n_1400_WRgTZLC.jpg", "series": "f123123", "category": 1, "producer": "test", "unique_id": "123231231231", "description": "fdsafas", "price_selling": 999.0, "max_num_pieces": 1, "expiration_date": "2021-04-30T12:43:00+06:00"}}, {"id": 15, "parts": null, "quantity": 30, "num_pieces": 0, "global_item": {"id": 1, "name": "Test", "image": "/media/global-items/levomekol_40g_maz3_n_1400_WRgTZLC.jpg", "series": "f123123", "category": 1, "producer": "test", "unique_id": "123231231231", "description": "fdsafas", "price_selling": 999.0, "max_num_pieces": 1, "expiration_date": "2021-04-30T12:43:00+06:00"}}, {"id": 16, "parts": null, "quantity": 20, "num_pieces": 0, "global_item": {"id": 1, "name": "Test", "image": "/media/global-items/levomekol_40g_maz3_n_1400_WRgTZLC.jpg", "series": "f123123", "category": 1, "producer": "test", "unique_id": "123231231231", "description": "fdsafas", "price_selling": 999.0, "max_num_pieces": 1, "expiration_date": "2021-04-30T12:43:00+06:00"}}, {"id": 17, "parts": null, "quantity": 30, "num_pieces": 0, "global_item": {"id": 1, "name": "Test", "image": "/media/global-items/levomekol_40g_maz3_n_1400_WRgTZLC.jpg", "series": "f123123", "category": 1, "producer": "test", "unique_id": "123231231231", "description": "fdsafas", "price_selling": 999.0, "max_num_pieces": 1, "expiration_date": "2021-04-30T12:43:00+06:00"}}, {"id": 18, "parts": null, "quantity": 20, "num_pieces": 0, "global_item": {"id": 1, "name": "Test", "image": "/media/global-items/levomekol_40g_maz3_n_1400_WRgTZLC.jpg", "series": "f123123", "category": 1, "producer": "test", "unique_id": "123231231231", "description": "fdsafas", "price_selling": 999.0, "max_num_pieces": 1, "expiration_date": "2021-04-30T12:43:00+06:00"}}, {"id": 19, "parts": null, "quantity": 30, "num_pieces": 0, "global_item": {"id": 1, "name": "Test", "image": "/media/global-items/levomekol_40g_maz3_n_1400_WRgTZLC.jpg", "series": "f123123", "category": 1, "producer": "test", "unique_id": "123231231231", "description": "fdsafas", "price_selling": 999.0, "max_num_pieces": 1, "expiration_date": "2021-04-30T12:43:00+06:00"}}, {"id": 20, "parts": null, "quantity": 20, "num_pieces": 0, "global_item": {"id": 1, "name": "Test", "image": "/media/global-items/levomekol_40g_maz3_n_1400_WRgTZLC.jpg", "series": "f123123", "category": 1, "producer": "test", "unique_id": "123231231231", "description": "fdsafas", "price_selling": 999.0, "max_num_pieces": 1, "expiration_date": "2021-04-30T12:43:00+06:00"}}, {"id": 21, "parts": null, "quantity": 30, "num_pieces": 0, "global_item": {"id": 1, "name": "Test", "image": "/media/global-items/levomekol_40g_maz3_n_1400_WRgTZLC.jpg", "series": "f123123", "category": 1, "producer": "test", "unique_id": "123231231231", "description": "fdsafas", "price_selling": 999.0, "max_num_pieces": 1, "expiration_date": "2021-04-30T12:43:00+06:00"}}, {"id": 22, "parts": null, "quantity": 30, "num_pieces": 0, "global_item": {"id": 1, "name": "Test", "image": "/media/global-items/levomekol_40g_maz3_n_1400_WRgTZLC.jpg", "series": "f123123", "category": 1, "producer": "test", "unique_id": "123231231231", "description": "fdsafas", "price_selling": 999.0, "max_num_pieces": 1, "expiration_date": "2021-04-30T12:43:00+06:00"}}, {"id": 23, "parts": null, "quantity": 30, "num_pieces": 0, "global_item": {"id": 1, "name": "Test", "image": "/media/global-items/levomekol_40g_maz3_n_1400_WRgTZLC.jpg", "series": "f123123", "category": 1, "producer": "test", "unique_id": "123231231231", "description": "fdsafas", "price_selling": 999.0, "max_num_pieces": 1, "expiration_date": "2021-04-30T12:43:00+06:00"}}]}, "created_at": "2021-04-27T04:17:05.295Z"}}, {"model": "item.storeorderhistory", "pk": 22, "fields": {"store_order": 2, "store_order_data": {"id": 2, "depot": 1, "store": 1, "status": 1, "address": "string", "store_ordered_items": [{"id": 2, "parts": null, "quantity": 40, "num_pieces": 0, "global_item": {"id": 1, "name": "Test", "image": "/media/global-items/levomekol_40g_maz3_n_1400_WRgTZLC.jpg", "series": "f123123", "category": 1, "producer": "test", "unique_id": "123231231231", "description": "fdsafas", "price_selling": 999.0, "max_num_pieces": 1, "expiration_date": "2021-04-30T12:43:00+06:00"}}, {"id": 8, "parts": null, "quantity": 20, "num_pieces": 0, "global_item": {"id": 1, "name": "Test", "image": "/media/global-items/levomekol_40g_maz3_n_1400_WRgTZLC.jpg", "series": "f123123", "category": 1, "producer": "test", "unique_id": "123231231231", "description": "fdsafas", "price_selling": 999.0, "max_num_pieces": 1, "expiration_date": "2021-04-30T12:43:00+06:00"}}, {"id": 9, "parts": null, "quantity": 20, "num_pieces": 0, "global_item": {"id": 1, "name": "Test", "image": "/media/global-items/levomekol_40g_maz3_n_1400_WRgTZLC.jpg", "series": "f123123", "category": 1, "producer": "test", "unique_id": "123231231231", "description": "fdsafas", "price_selling": 999.0, "max_num_pieces": 1, "expiration_date": "2021-04-30T12:43:00+06:00"}}, {"id": 10, "parts": null, "quantity": 20, "num_pieces": 0, "global_item": {"id": 1, "name": "Test", "image": "/media/global-items/levomekol_40g_maz3_n_1400_WRgTZLC.jpg", "series": "f123123", "category": 1, "producer": "test", "unique_id": "123231231231", "description": "fdsafas", "price_selling": 999.0, "max_num_pieces": 1, "expiration_date": "2021-04-30T12:43:00+06:00"}}, {"id": 11, "parts": null, "quantity": 20, "num_pieces": 0, "global_item": {"id": 1, "name": "Test", "image": "/media/global-items/levomekol_40g_maz3_n_1400_WRgTZLC.jpg", "series": "f123123", "category": 1, "producer": "test", "unique_id": "123231231231", "description": "fdsafas", "price_selling": 999.0, "max_num_pieces": 1, "expiration_date": "2021-04-30T12:43:00+06:00"}}, {"id": 12, "parts": null, "quantity": 20, "num_pieces": 0, "global_item": {"id": 1, "name": "Test", "image": "/media/global-items/levomekol_40g_maz3_n_1400_WRgTZLC.jpg", "series": "f123123", "category": 1, "producer": "test", "unique_id": "123231231231", "description": "fdsafas", "price_selling": 999.0, "max_num_pieces": 1, "expiration_date": "2021-04-30T12:43:00+06:00"}}, {"id": 13, "parts": null, "quantity": 20, "num_pieces": 0, "global_item": {"id": 1, "name": "Test", "image": "/media/global-items/levomekol_40g_maz3_n_1400_WRgTZLC.jpg", "series": "f123123", "category": 1, "producer": "test", "unique_id": "123231231231", "description": "fdsafas", "price_selling": 999.0, "max_num_pieces": 1, "expiration_date": "2021-04-30T12:43:00+06:00"}}, {"id": 14, "parts": null, "quantity": 20, "num_pieces": 0, "global_item": {"id": 1, "name": "Test", "image": "/media/global-items/levomekol_40g_maz3_n_1400_WRgTZLC.jpg", "series": "f123123", "category": 1, "producer": "test", "unique_id": "123231231231", "description": "fdsafas", "price_selling": 999.0, "max_num_pieces": 1, "expiration_date": "2021-04-30T12:43:00+06:00"}}, {"id": 15, "parts": null, "quantity": 30, "num_pieces": 0, "global_item": {"id": 1, "name": "Test", "image": "/media/global-items/levomekol_40g_maz3_n_1400_WRgTZLC.jpg", "series": "f123123", "category": 1, "producer": "test", "unique_id": "123231231231", "description": "fdsafas", "price_selling": 999.0, "max_num_pieces": 1, "expiration_date": "2021-04-30T12:43:00+06:00"}}, {"id": 16, "parts": null, "quantity": 20, "num_pieces": 0, "global_item": {"id": 1, "name": "Test", "image": "/media/global-items/levomekol_40g_maz3_n_1400_WRgTZLC.jpg", "series": "f123123", "category": 1, "producer": "test", "unique_id": "123231231231", "description": "fdsafas", "price_selling": 999.0, "max_num_pieces": 1, "expiration_date": "2021-04-30T12:43:00+06:00"}}, {"id": 17, "parts": null, "quantity": 30, "num_pieces": 0, "global_item": {"id": 1, "name": "Test", "image": "/media/global-items/levomekol_40g_maz3_n_1400_WRgTZLC.jpg", "series": "f123123", "category": 1, "producer": "test", "unique_id": "123231231231", "description": "fdsafas", "price_selling": 999.0, "max_num_pieces": 1, "expiration_date": "2021-04-30T12:43:00+06:00"}}, {"id": 18, "parts": null, "quantity": 20, "num_pieces": 0, "global_item": {"id": 1, "name": "Test", "image": "/media/global-items/levomekol_40g_maz3_n_1400_WRgTZLC.jpg", "series": "f123123", "category": 1, "producer": "test", "unique_id": "123231231231", "description": "fdsafas", "price_selling": 999.0, "max_num_pieces": 1, "expiration_date": "2021-04-30T12:43:00+06:00"}}, {"id": 19, "parts": null, "quantity": 30, "num_pieces": 0, "global_item": {"id": 1, "name": "Test", "image": "/media/global-items/levomekol_40g_maz3_n_1400_WRgTZLC.jpg", "series": "f123123", "category": 1, "producer": "test", "unique_id": "123231231231", "description": "fdsafas", "price_selling": 999.0, "max_num_pieces": 1, "expiration_date": "2021-04-30T12:43:00+06:00"}}, {"id": 20, "parts": null, "quantity": 20, "num_pieces": 0, "global_item": {"id": 1, "name": "Test", "image": "/media/global-items/levomekol_40g_maz3_n_1400_WRgTZLC.jpg", "series": "f123123", "category": 1, "producer": "test", "unique_id": "123231231231", "description": "fdsafas", "price_selling": 999.0, "max_num_pieces": 1, "expiration_date": "2021-04-30T12:43:00+06:00"}}, {"id": 21, "parts": null, "quantity": 30, "num_pieces": 0, "global_item": {"id": 1, "name": "Test", "image": "/media/global-items/levomekol_40g_maz3_n_1400_WRgTZLC.jpg", "series": "f123123", "category": 1, "producer": "test", "unique_id": "123231231231", "description": "fdsafas", "price_selling": 999.0, "max_num_pieces": 1, "expiration_date": "2021-04-30T12:43:00+06:00"}}, {"id": 22, "parts": null, "quantity": 30, "num_pieces": 0, "global_item": {"id": 1, "name": "Test", "image": "/media/global-items/levomekol_40g_maz3_n_1400_WRgTZLC.jpg", "series": "f123123", "category": 1, "producer": "test", "unique_id": "123231231231", "description": "fdsafas", "price_selling": 999.0, "max_num_pieces": 1, "expiration_date": "2021-04-30T12:43:00+06:00"}}, {"id": 23, "parts": null, "quantity": 30, "num_pieces": 0, "global_item": {"id": 1, "name": "Test", "image": "/media/global-items/levomekol_40g_maz3_n_1400_WRgTZLC.jpg", "series": "f123123", "category": 1, "producer": "test", "unique_id": "123231231231", "description": "fdsafas", "price_selling": 999.0, "max_num_pieces": 1, "expiration_date": "2021-04-30T12:43:00+06:00"}}, {"id": 24, "parts": null, "quantity": 30, "num_pieces": 0, "global_item": {"id": 1, "name": "Test", "image": "/media/global-items/levomekol_40g_maz3_n_1400_WRgTZLC.jpg", "series": "f123123", "category": 1, "producer": "test", "unique_id": "123231231231", "description": "fdsafas", "price_selling": 999.0, "max_num_pieces": 1, "expiration_date": "2021-04-30T12:43:00+06:00"}}]}, "created_at": "2021-04-27T04:20:27.087Z"}}, {"model": "item.storeorderhistory", "pk": 23, "fields": {"store_order": 2, "store_order_data": {"id": 2, "depot": 1, "store": 1, "status": 1, "address": "string", "store_ordered_items": [{"id": 25, "parts": null, "quantity": 40, "num_pieces": 0, "global_item": {"id": 1, "name": "Test", "image": "/media/global-items/levomekol_40g_maz3_n_1400_WRgTZLC.jpg", "series": "f123123", "category": 1, "producer": "test", "unique_id": "123231231231", "description": "fdsafas", "price_selling": 999.0, "max_num_pieces": 1, "expiration_date": "2021-04-30T12:43:00+06:00"}}, {"id": 26, "parts": null, "quantity": 30, "num_pieces": 0, "global_item": {"id": 1, "name": "Test", "image": "/media/global-items/levomekol_40g_maz3_n_1400_WRgTZLC.jpg", "series": "f123123", "category": 1, "producer": "test", "unique_id": "123231231231", "description": "fdsafas", "price_selling": 999.0, "max_num_pieces": 1, "expiration_date": "2021-04-30T12:43:00+06:00"}}]}, "created_at": "2021-04-27T04:20:36.810Z"}}, {"model": "item.storeorderhistory", "pk": 24, "fields": {"store_order": 2, "store_order_data": {"id": 2, "depot": 1, "store": 1, "status": 1, "address": "string", "store_ordered_items": [{"id": 27, "parts": null, "quantity": 50, "num_pieces": 0, "global_item": {"id": 1, "name": "Test", "image": "/media/global-items/levomekol_40g_maz3_n_1400_WRgTZLC.jpg", "series": "f123123", "category": 1, "producer": "test", "unique_id": "123231231231", "description": "fdsafas", "price_selling": 999.0, "max_num_pieces": 1, "expiration_date": "2021-04-30T12:43:00+06:00"}}, {"id": 28, "parts": null, "quantity": 30, "num_pieces": 0, "global_item": {"id": 1, "name": "Test", "image": "/media/global-items/levomekol_40g_maz3_n_1400_WRgTZLC.jpg", "series": "f123123", "category": 1, "producer": "test", "unique_id": "123231231231", "description": "fdsafas", "price_selling": 999.0, "max_num_pieces": 1, "expiration_date": "2021-04-30T12:43:00+06:00"}}]}, "created_at": "2021-04-27T04:20:40.339Z"}}, {"model": "item.storeorderhistory", "pk": 25, "fields": {"store_order": 2, "store_order_data": {"id": 2, "depot": 1, "store": 1, "status": 1, "address": "string", "store_ordered_items": [{"id": 29, "parts": null, "quantity": 50, "num_pieces": 0, "global_item": {"id": 1, "name": "Test", "image": "/media/global-items/levomekol_40g_maz3_n_1400_WRgTZLC.jpg", "series": "f123123", "category": 1, "producer": "test", "unique_id": "123231231231", "description": "fdsafas", "price_selling": 999.0, "max_num_pieces": 1, "expiration_date": "2021-04-30T12:43:00+06:00"}}, {"id": 30, "parts": null, "quantity": 30, "num_pieces": 0, "global_item": {"id": 1, "name": "Test", "image": "/media/global-items/levomekol_40g_maz3_n_1400_WRgTZLC.jpg", "series": "f123123", "category": 1, "producer": "test", "unique_id": "123231231231", "description": "fdsafas", "price_selling": 999.0, "max_num_pieces": 1, "expiration_date": "2021-04-30T12:43:00+06:00"}}]}, "created_at": "2021-04-27T04:21:44.879Z"}}, {"model": "item.storeorderhistory", "pk": 26, "fields": {"store_order": 2, "store_order_data": {"id": 2, "depot": 1, "store": 1, "status": 1, "address": "string", "store_ordered_items": [{"id": 31, "parts": null, "quantity": 50, "num_pieces": 0, "global_item": {"id": 1, "name": "Test", "image": "/media/global-items/levomekol_40g_maz3_n_1400_WRgTZLC.jpg", "series": "f123123", "category": 1, "producer": "test", "unique_id": "123231231231", "description": "fdsafas", "price_selling": 999.0, "max_num_pieces": 1, "expiration_date": "2021-04-30T12:43:00+06:00"}}, {"id": 32, "parts": null, "quantity": 30, "num_pieces": 0, "global_item": {"id": 1, "name": "Test", "image": "/media/global-items/levomekol_40g_maz3_n_1400_WRgTZLC.jpg", "series": "f123123", "category": 1, "producer": "test", "unique_id": "123231231231", "description": "fdsafas", "price_selling": 999.0, "max_num_pieces": 1, "expiration_date": "2021-04-30T12:43:00+06:00"}}]}, "created_at": "2021-04-27T04:21:56.777Z"}}, {"model": "item.storeorderhistory", "pk": 27, "fields": {"store_order": 2, "store_order_data": {"id": 2, "depot": 1, "store": 1, "status": 1, "address": "string", "store_ordered_items": [{"id": 33, "parts": null, "quantity": 50, "num_pieces": 0, "global_item": {"id": 1, "name": "Test", "image": "/media/global-items/levomekol_40g_maz3_n_1400_WRgTZLC.jpg", "series": "f123123", "category": 1, "producer": "test", "unique_id": "123231231231", "description": "fdsafas", "price_selling": 999.0, "max_num_pieces": 1, "expiration_date": "2021-04-30T12:43:00+06:00"}}, {"id": 34, "parts": null, "quantity": 30, "num_pieces": 0, "global_item": {"id": 1, "name": "Test", "image": "/media/global-items/levomekol_40g_maz3_n_1400_WRgTZLC.jpg", "series": "f123123", "category": 1, "producer": "test", "unique_id": "123231231231", "description": "fdsafas", "price_selling": 999.0, "max_num_pieces": 1, "expiration_date": "2021-04-30T12:43:00+06:00"}}]}, "created_at": "2021-04-27T04:22:09.545Z"}}, {"model": "item.storeorderhistory", "pk": 28, "fields": {"store_order": 2, "store_order_data": {"id": 2, "depot": 1, "store": 1, "status": 1, "address": "string", "store_ordered_items": [{"id": 35, "parts": null, "quantity": 50, "num_pieces": 0, "global_item": {"id": 1, "name": "Test", "image": "/media/global-items/levomekol_40g_maz3_n_1400_WRgTZLC.jpg", "series": "f123123", "category": 1, "producer": "test", "unique_id": "123231231231", "description": "fdsafas", "price_selling": 999.0, "max_num_pieces": 1, "expiration_date": "2021-04-30T12:43:00+06:00"}}, {"id": 36, "parts": null, "quantity": 30, "num_pieces": 0, "global_item": {"id": 1, "name": "Test", "image": "/media/global-items/levomekol_40g_maz3_n_1400_WRgTZLC.jpg", "series": "f123123", "category": 1, "producer": "test", "unique_id": "123231231231", "description": "fdsafas", "price_selling": 999.0, "max_num_pieces": 1, "expiration_date": "2021-04-30T12:43:00+06:00"}}]}, "created_at": "2021-04-27T04:25:16.840Z"}}, {"model": "item.storeorderhistory", "pk": 29, "fields": {"store_order": 2, "store_order_data": {"id": 2, "depot": 1, "store": 1, "status": 1, "address": "string", "store_ordered_items": [{"id": 37, "parts": null, "quantity": 50, "num_pieces": 0, "global_item": {"id": 1, "name": "Test", "image": "/media/global-items/levomekol_40g_maz3_n_1400_WRgTZLC.jpg", "series": "f123123", "category": 1, "producer": "test", "unique_id": "123231231231", "description": "fdsafas", "price_selling": 999.0, "max_num_pieces": 1, "expiration_date": "2021-04-30T12:43:00+06:00"}}, {"id": 38, "parts": null, "quantity": 30, "num_pieces": 0, "global_item": {"id": 1, "name": "Test", "image": "/media/global-items/levomekol_40g_maz3_n_1400_WRgTZLC.jpg", "series": "f123123", "category": 1, "producer": "test", "unique_id": "123231231231", "description": "fdsafas", "price_selling": 999.0, "max_num_pieces": 1, "expiration_date": "2021-04-30T12:43:00+06:00"}}]}, "created_at": "2021-04-27T04:25:24.133Z"}}, {"model": "item.storeorderhistory", "pk": 30, "fields": {"store_order": 2, "store_order_data": {"id": 2, "depot": 1, "store": 1, "status": 1, "address": "string", "store_ordered_items": [{"id": 39, "parts": null, "quantity": 50, "num_pieces": 0, "global_item": {"id": 1, "name": "Test", "image": "/media/global-items/levomekol_40g_maz3_n_1400_WRgTZLC.jpg", "series": "f123123", "category": 1, "producer": "test", "unique_id": "123231231231", "description": "fdsafas", "price_selling": 999.0, "max_num_pieces": 1, "expiration_date": "2021-04-30T12:43:00+06:00"}}, {"id": 40, "parts": null, "quantity": 30, "num_pieces": 0, "global_item": {"id": 1, "name": "Test", "image": "/media/global-items/levomekol_40g_maz3_n_1400_WRgTZLC.jpg", "series": "f123123", "category": 1, "producer": "test", "unique_id": "123231231231", "description": "fdsafas", "price_selling": 999.0, "max_num_pieces": 1, "expiration_date": "2021-04-30T12:43:00+06:00"}}]}, "created_at": "2021-04-27T04:26:46.794Z"}}, {"model": "item.storeorderhistory", "pk": 31, "fields": {"store_order": 2, "store_order_data": {"id": 2, "depot": 1, "store": 1, "status": 1, "address": "string", "store_ordered_items": [{"id": 41, "parts": null, "quantity": 50, "num_pieces": 0, "global_item": {"id": 1, "name": "Test", "image": "/media/global-items/levomekol_40g_maz3_n_1400_WRgTZLC.jpg", "series": "f123123", "category": 1, "producer": "test", "unique_id": "123231231231", "description": "fdsafas", "price_selling": 999.0, "max_num_pieces": 1, "expiration_date": "2021-04-30T12:43:00+06:00"}}, {"id": 42, "parts": null, "quantity": 30, "num_pieces": 0, "global_item": {"id": 1, "name": "Test", "image": "/media/global-items/levomekol_40g_maz3_n_1400_WRgTZLC.jpg", "series": "f123123", "category": 1, "producer": "test", "unique_id": "123231231231", "description": "fdsafas", "price_selling": 999.0, "max_num_pieces": 1, "expiration_date": "2021-04-30T12:43:00+06:00"}}]}, "created_at": "2021-04-27T04:27:05.878Z"}}, {"model": "item.storeorderhistory", "pk": 32, "fields": {"store_order": 2, "store_order_data": {"id": 2, "depot": 1, "store": 1, "status": 1, "address": "string", "store_ordered_items": [{"id": 43, "parts": null, "quantity": 50, "num_pieces": 0, "global_item": {"id": 1, "name": "Test", "image": "/media/global-items/levomekol_40g_maz3_n_1400_WRgTZLC.jpg", "series": "f123123", "category": 1, "producer": "test", "unique_id": "123231231231", "description": "fdsafas", "price_selling": 999.0, "max_num_pieces": 1, "expiration_date": "2021-04-30T12:43:00+06:00"}}, {"id": 44, "parts": null, "quantity": 30, "num_pieces": 0, "global_item": {"id": 1, "name": "Test", "image": "/media/global-items/levomekol_40g_maz3_n_1400_WRgTZLC.jpg", "series": "f123123", "category": 1, "producer": "test", "unique_id": "123231231231", "description": "fdsafas", "price_selling": 999.0, "max_num_pieces": 1, "expiration_date": "2021-04-30T12:43:00+06:00"}}]}, "created_at": "2021-04-27T04:27:46.902Z"}}, {"model": "item.storeorderhistory", "pk": 33, "fields": {"store_order": 2, "store_order_data": {"id": 2, "depot": 1, "store": 1, "status": 1, "address": "string", "store_ordered_items": [{"id": 45, "parts": null, "quantity": 50, "num_pieces": 0, "global_item": {"id": 1, "name": "Test", "image": "/media/global-items/levomekol_40g_maz3_n_1400_WRgTZLC.jpg", "series": "f123123", "category": 1, "producer": "test", "unique_id": "123231231231", "description": "fdsafas", "price_selling": 999.0, "max_num_pieces": 1, "expiration_date": "2021-04-30T12:43:00+06:00"}}, {"id": 46, "parts": null, "quantity": 30, "num_pieces": 0, "global_item": {"id": 1, "name": "Test", "image": "/media/global-items/levomekol_40g_maz3_n_1400_WRgTZLC.jpg", "series": "f123123", "category": 1, "producer": "test", "unique_id": "123231231231", "description": "fdsafas", "price_selling": 999.0, "max_num_pieces": 1, "expiration_date": "2021-04-30T12:43:00+06:00"}}]}, "created_at": "2021-04-27T04:27:57.038Z"}}, {"model": "item.storeorderhistory", "pk": 34, "fields": {"store_order": 2, "store_order_data": {"id": 2, "depot": 1, "store": 1, "status": 1, "address": "string", "store_ordered_items": [{"id": 47, "parts": null, "quantity": 50, "num_pieces": 0, "global_item": {"id": 1, "name": "Test", "image": "/media/global-items/levomekol_40g_maz3_n_1400_WRgTZLC.jpg", "series": "f123123", "category": 1, "producer": "test", "unique_id": "123231231231", "description": "fdsafas", "price_selling": 999.0, "max_num_pieces": 1, "expiration_date": "2021-04-30T12:43:00+06:00"}}, {"id": 48, "parts": null, "quantity": 30, "num_pieces": 0, "global_item": {"id": 1, "name": "Test", "image": "/media/global-items/levomekol_40g_maz3_n_1400_WRgTZLC.jpg", "series": "f123123", "category": 1, "producer": "test", "unique_id": "123231231231", "description": "fdsafas", "price_selling": 999.0, "max_num_pieces": 1, "expiration_date": "2021-04-30T12:43:00+06:00"}}]}, "created_at": "2021-04-27T04:28:13.814Z"}}, {"model": "item.storeorderhistory", "pk": 35, "fields": {"store_order": 3, "store_order_data": {"id": 3, "depot": 1, "store": 1, "status": 1, "address": "string", "store_ordered_items": [{"id": 3, "parts": null, "quantity": 20, "num_pieces": 0, "global_item": {"id": 1, "name": "Test", "image": "/media/global-items/levomekol_40g_maz3_n_1400_WRgTZLC.jpg", "series": "f123123", "category": 1, "producer": "test", "unique_id": "123231231231", "description": "fdsafas", "price_selling": 999.0, "max_num_pieces": 1, "expiration_date": "2021-04-30T12:43:00+06:00"}}, {"id": 4, "parts": null, "quantity": 40, "num_pieces": 0, "global_item": {"id": 1, "name": "Test", "image": "/media/global-items/levomekol_40g_maz3_n_1400_WRgTZLC.jpg", "series": "f123123", "category": 1, "producer": "test", "unique_id": "123231231231", "description": "fdsafas", "price_selling": 999.0, "max_num_pieces": 1, "expiration_date": "2021-04-30T12:43:00+06:00"}}]}, "created_at": "2021-04-27T04:28:24.141Z"}}, {"model": "item.storeorderhistory", "pk": 36, "fields": {"store_order": 2, "store_order_data": {"id": 2, "depot": 1, "store": 1, "status": 2, "address": "other", "store_ordered_items": [{"id": 49, "parts": null, "quantity": 50, "num_pieces": 0, "global_item": {"id": 1, "name": "Test", "image": "/media/global-items/levomekol_40g_maz3_n_1400_WRgTZLC.jpg", "series": "f123123", "category": 1, "producer": "test", "unique_id": "123231231231", "description": "fdsafas", "price_selling": 999.0, "max_num_pieces": 1, "expiration_date": "2021-04-30T12:43:00+06:00"}}, {"id": 50, "parts": null, "quantity": 30, "num_pieces": 0, "global_item": {"id": 1, "name": "Test", "image": "/media/global-items/levomekol_40g_maz3_n_1400_WRgTZLC.jpg", "series": "f123123", "category": 1, "producer": "test", "unique_id": "123231231231", "description": "fdsafas", "price_selling": 999.0, "max_num_pieces": 1, "expiration_date": "2021-04-30T12:43:00+06:00"}}]}, "created_at": "2021-04-27T04:28:43.223Z"}}, {"model": "item.storeorderhistory", "pk": 37, "fields": {"store_order": 3, "store_order_data": {"id": 3, "depot": 1, "store": 1, "status": 2, "address": "other", "created_at": "2021-04-26T09:37:56.860723+06:00", "delivered_at": null, "store_ordered_items": [{"id": 51, "quantity": 50, "num_pieces": 0, "global_item": {"id": 1, "name": "Test", "image": "/media/global-items/levomekol_40g_maz3_n_1400_WRgTZLC.jpg", "series": "f123123", "category": 1, "producer": "test", "unique_id": "123231231231", "description": "fdsafas", "price_selling": 999.0, "max_num_pieces": 1, "expiration_date": "2021-04-30T12:43:00+06:00"}}, {"id": 52, "quantity": 30, "num_pieces": 0, "global_item": {"id": 1, "name": "Test", "image": "/media/global-items/levomekol_40g_maz3_n_1400_WRgTZLC.jpg", "series": "f123123", "category": 1, "producer": "test", "unique_id": "123231231231", "description": "fdsafas", "price_selling": 999.0, "max_num_pieces": 1, "expiration_date": "2021-04-30T12:43:00+06:00"}}]}, "created_at": "2021-04-27T04:46:32.138Z"}}, {"model": "item.storeorderhistory", "pk": 38, "fields": {"store_order": 8, "store_order_data": {"id": 8, "depot": 1, "store": 1, "status": 1, "address": "other", "created_at": "2021-04-27T10:49:03.746888+06:00", "delivered_at": null, "store_ordered_items": [{"id": 59, "quantity": 50, "num_pieces": 0, "global_item": {"id": 1, "name": "Test", "image": "/media/global-items/levomekol_40g_maz3_n_1400_WRgTZLC.jpg", "series": "f123123", "category": 1, "producer": "test", "unique_id": "123231231231", "description": "fdsafas", "price_selling": 999.0, "max_num_pieces": 1, "expiration_date": "2021-04-30T12:43:00+06:00"}}, {"id": 60, "quantity": 30, "num_pieces": 0, "global_item": {"id": 1, "name": "Test", "image": "/media/global-items/levomekol_40g_maz3_n_1400_WRgTZLC.jpg", "series": "f123123", "category": 1, "producer": "test", "unique_id": "123231231231", "description": "fdsafas", "price_selling": 999.0, "max_num_pieces": 1, "expiration_date": "2021-04-30T12:43:00+06:00"}}]}, "created_at": "2021-04-27T04:50:05.263Z"}}, {"model": "item.storeorderhistory", "pk": 39, "fields": {"store_order": 8, "store_order_data": {"id": 8, "depot": 1, "store": 1, "status": 1, "address": "other", "created_at": "2021-04-27T10:49:03.746888+06:00", "delivered_at": null, "store_ordered_items": [{"id": 61, "quantity": 30, "num_pieces": 0, "global_item": {"id": 1, "name": "Test", "image": "/media/global-items/levomekol_40g_maz3_n_1400_WRgTZLC.jpg", "series": "f123123", "category": 1, "producer": "test", "unique_id": "123231231231", "description": "fdsafas", "price_selling": 999.0, "max_num_pieces": 1, "expiration_date": "2021-04-30T12:43:00+06:00"}}, {"id": 62, "quantity": 30, "num_pieces": 0, "global_item": {"id": 1, "name": "Test", "image": "/media/global-items/levomekol_40g_maz3_n_1400_WRgTZLC.jpg", "series": "f123123", "category": 1, "producer": "test", "unique_id": "123231231231", "description": "fdsafas", "price_selling": 999.0, "max_num_pieces": 1, "expiration_date": "2021-04-30T12:43:00+06:00"}}]}, "created_at": "2021-04-27T04:50:17.533Z"}}, {"model": "item.storeorderhistory", "pk": 40, "fields": {"store_order": 8, "store_order_data": {"id": 8, "depot": 1, "store": 1, "status": 2, "address": "other", "created_at": "2021-04-27T10:49:03.746888+06:00", "delivered_at": null, "store_ordered_items": [{"id": 63, "quantity": 30, "num_pieces": 0, "global_item": {"id": 1, "name": "Test", "image": "/media/global-items/levomekol_40g_maz3_n_1400_WRgTZLC.jpg", "series": "f123123", "category": 1, "producer": "test", "unique_id": "123231231231", "description": "fdsafas", "price_selling": 999.0, "max_num_pieces": 1, "expiration_date": "2021-04-30T12:43:00+06:00"}}, {"id": 64, "quantity": 30, "num_pieces": 0, "global_item": {"id": 1, "name": "Test", "image": "/media/global-items/levomekol_40g_maz3_n_1400_WRgTZLC.jpg", "series": "f123123", "category": 1, "producer": "test", "unique_id": "123231231231", "description": "fdsafas", "price_selling": 999.0, "max_num_pieces": 1, "expiration_date": "2021-04-30T12:43:00+06:00"}}]}, "created_at": "2021-04-27T04:51:53.209Z"}}, {"model": "item.storeorderhistory", "pk": 41, "fields": {"store_order": 8, "store_order_data": {"id": 8, "depot": 1, "store": 1, "status": 1, "address": "other", "created_at": "2021-04-27T10:49:03.746888+06:00", "delivered_at": null, "store_ordered_items": [{"id": 65, "quantity": 30, "num_pieces": 0, "global_item": {"id": 1, "name": "Test", "image": "/media/global-items/levomekol_40g_maz3_n_1400_WRgTZLC.jpg", "series": "f123123", "category": 1, "producer": "test", "unique_id": "123231231231", "description": "fdsafas", "price_selling": 999.0, "max_num_pieces": 1, "expiration_date": "2021-04-30T12:43:00+06:00"}}, {"id": 66, "quantity": 30, "num_pieces": 0, "global_item": {"id": 1, "name": "Test", "image": "/media/global-items/levomekol_40g_maz3_n_1400_WRgTZLC.jpg", "series": "f123123", "category": 1, "producer": "test", "unique_id": "123231231231", "description": "fdsafas", "price_selling": 999.0, "max_num_pieces": 1, "expiration_date": "2021-04-30T12:43:00+06:00"}}]}, "created_at": "2021-04-27T04:53:13.665Z"}}, {"model": "item.storeorderhistory", "pk": 42, "fields": {"store_order": 8, "store_order_data": {"id": 8, "depot": 1, "store": 1, "status": 1, "address": "other", "created_at": "2021-04-27T10:49:03.746888+06:00", "delivered_at": null, "store_ordered_items": [{"id": 65, "quantity": 30, "num_pieces": 0, "global_item": {"id": 1, "name": "Test", "image": "/media/global-items/levomekol_40g_maz3_n_1400_WRgTZLC.jpg", "series": "f123123", "category": 1, "producer": "test", "unique_id": "123231231231", "description": "fdsafas", "price_selling": 999.0, "max_num_pieces": 1, "expiration_date": "2021-04-30T12:43:00+06:00"}}, {"id": 66, "quantity": 30, "num_pieces": 0, "global_item": {"id": 1, "name": "Test", "image": "/media/global-items/levomekol_40g_maz3_n_1400_WRgTZLC.jpg", "series": "f123123", "category": 1, "producer": "test", "unique_id": "123231231231", "description": "fdsafas", "price_selling": 999.0, "max_num_pieces": 1, "expiration_date": "2021-04-30T12:43:00+06:00"}}]}, "created_at": "2021-04-27T04:56:02.878Z"}}, {"model": "item.storeorderhistory", "pk": 43, "fields": {"store_order": 8, "store_order_data": {"id": 8, "depot": 1, "store": 1, "status": 1, "address": "other", "created_at": "2021-04-27T10:49:03.746888+06:00", "delivered_at": null, "store_ordered_items": [{"id": 65, "quantity": 30, "num_pieces": 0, "global_item": {"id": 1, "name": "Test", "image": "/media/global-items/levomekol_40g_maz3_n_1400_WRgTZLC.jpg", "series": "f123123", "category": 1, "producer": "test", "unique_id": "123231231231", "description": "fdsafas", "price_selling": 999.0, "max_num_pieces": 1, "expiration_date": "2021-04-30T12:43:00+06:00"}}, {"id": 66, "quantity": 30, "num_pieces": 0, "global_item": {"id": 1, "name": "Test", "image": "/media/global-items/levomekol_40g_maz3_n_1400_WRgTZLC.jpg", "series": "f123123", "category": 1, "producer": "test", "unique_id": "123231231231", "description": "fdsafas", "price_selling": 999.0, "max_num_pieces": 1, "expiration_date": "2021-04-30T12:43:00+06:00"}}]}, "created_at": "2021-04-27T04:57:02.440Z"}}, {"model": "item.storeorderhistory", "pk": 44, "fields": {"store_order": 8, "store_order_data": {"id": 8, "depot": 1, "store": 1, "status": 1, "address": "other", "created_at": "2021-04-27T10:49:03.746888+06:00", "delivered_at": null, "store_ordered_items": [{"id": 65, "quantity": 30, "num_pieces": 0, "global_item": {"id": 1, "name": "Test", "image": "/media/global-items/levomekol_40g_maz3_n_1400_WRgTZLC.jpg", "series": "f123123", "category": 1, "producer": "test", "unique_id": "123231231231", "description": "fdsafas", "price_selling": 999.0, "max_num_pieces": 1, "expiration_date": "2021-04-30T12:43:00+06:00"}}, {"id": 66, "quantity": 30, "num_pieces": 0, "global_item": {"id": 1, "name": "Test", "image": "/media/global-items/levomekol_40g_maz3_n_1400_WRgTZLC.jpg", "series": "f123123", "category": 1, "producer": "test", "unique_id": "123231231231", "description": "fdsafas", "price_selling": 999.0, "max_num_pieces": 1, "expiration_date": "2021-04-30T12:43:00+06:00"}}]}, "created_at": "2021-04-27T04:57:10.845Z"}}, {"model": "item.storeorderhistory", "pk": 45, "fields": {"store_order": 8, "store_order_data": {"id": 8, "depot": 1, "store": 1, "status": 2, "address": "other", "created_at": "2021-04-27T10:49:03.746888+06:00", "delivered_at": null, "store_ordered_items": [{"id": 65, "quantity": 30, "num_pieces": 0, "global_item": {"id": 1, "name": "Test", "image": "/media/global-items/levomekol_40g_maz3_n_1400_WRgTZLC.jpg", "series": "f123123", "category": 1, "producer": "test", "unique_id": "123231231231", "description": "fdsafas", "price_selling": 999.0, "max_num_pieces": 1, "expiration_date": "2021-04-30T12:43:00+06:00"}}, {"id": 66, "quantity": 30, "num_pieces": 0, "global_item": {"id": 1, "name": "Test", "image": "/media/global-items/levomekol_40g_maz3_n_1400_WRgTZLC.jpg", "series": "f123123", "category": 1, "producer": "test", "unique_id": "123231231231", "description": "fdsafas", "price_selling": 999.0, "max_num_pieces": 1, "expiration_date": "2021-04-30T12:43:00+06:00"}}]}, "created_at": "2021-04-27T05:05:22.121Z"}}, {"model": "item.storeorderhistory", "pk": 46, "fields": {"store_order": 8, "store_order_data": {"id": 8, "depot": 1, "store": 1, "status": 1, "address": "other", "created_at": "2021-04-27T10:49:03.746888+06:00", "delivered_at": null, "store_ordered_items": [{"id": 67, "quantity": 30, "num_pieces": 0, "global_item": {"id": 1, "name": "Test", "image": "/media/global-items/levomekol_40g_maz3_n_1400_WRgTZLC.jpg", "series": "f123123", "category": 1, "producer": "test", "unique_id": "123231231231", "description": "fdsafas", "price_selling": 999.0, "max_num_pieces": 1, "expiration_date": "2021-04-30T12:43:00+06:00"}}, {"id": 68, "quantity": 30, "num_pieces": 0, "global_item": {"id": 1, "name": "Test", "image": "/media/global-items/levomekol_40g_maz3_n_1400_WRgTZLC.jpg", "series": "f123123", "category": 1, "producer": "test", "unique_id": "123231231231", "description": "fdsafas", "price_selling": 999.0, "max_num_pieces": 1, "expiration_date": "2021-04-30T12:43:00+06:00"}}]}, "created_at": "2021-04-27T05:05:36.736Z"}}, {"model": "item.storeorder", "pk": 1, "fields": {"depot": 1, "store": 1, "address": "string", "created_at": "2021-04-26T03:25:34.603Z", "delivered_at": "2021-04-26T10:48:43.247Z", "status": 3}}, {"model": "item.storeorder", "pk": 2, "fields": {"depot": 1, "store": 1, "address": "other", "created_at": "2021-04-26T03:31:12.772Z", "delivered_at": null, "status": 3}}, {"model": "item.storeorder", "pk": 3, "fields": {"depot": 1, "store": 1, "address": "other", "created_at": "2021-04-26T03:37:56.860Z", "delivered_at": null, "status": 3}}, {"model": "item.storeorder", "pk": 6, "fields": {"depot": 1, "store": 1, "address": "string", "created_at": "2021-04-26T13:43:35.407Z", "delivered_at": null, "status": 1}}, {"model": "item.storeorder", "pk": 7, "fields": {"depot": 1, "store": 1, "address": "other", "created_at": "2021-04-27T04:47:10.841Z", "delivered_at": null, "status": 1}}, {"model": "item.storeorder", "pk": 8, "fields": {"depot": 1, "store": 1, "address": "other", "created_at": "2021-04-27T04:49:03.746Z", "delivered_at": null, "status": 1}}, {"model": "item.storeorderitem", "pk": 1, "fields": {"store_order": 1, "global_item": 1, "quantity": 20, "num_pieces": 0}}, {"model": "item.storeorderitem", "pk": 7, "fields": {"store_order": 6, "global_item": 1, "quantity": 20, "num_pieces": 0}}, {"model": "item.storeorderitem", "pk": 53, "fields": {"store_order": 2, "global_item": 1, "quantity": 50, "num_pieces": 0}}, {"model": "item.storeorderitem", "pk": 54, "fields": {"store_order": 2, "global_item": 1, "quantity": 30, "num_pieces": 0}}, {"model": "item.storeorderitem", "pk": 55, "fields": {"store_order": 3, "global_item": 1, "quantity": 50, "num_pieces": 0}}, {"model": "item.storeorderitem", "pk": 56, "fields": {"store_order": 3, "global_item": 1, "quantity": 30, "num_pieces": 0}}, {"model": "item.storeorderitem", "pk": 57, "fields": {"store_order": 7, "global_item": 1, "quantity": 50, "num_pieces": 0}}, {"model": "item.storeorderitem", "pk": 58, "fields": {"store_order": 7, "global_item": 1, "quantity": 30, "num_pieces": 0}}, {"model": "item.storeorderitem", "pk": 67, "fields": {"store_order": 8, "global_item": 1, "quantity": 30, "num_pieces": 0}}, {"model": "item.storeorderitem", "pk": 68, "fields": {"store_order": 8, "global_item": 1, "quantity": 30, "num_pieces": 0}}, {"model": "auth.permission", "fields": {"name": "Can add log entry", "content_type": ["admin", "logentry"], "codename": "add_logentry"}}, {"model": "auth.permission", "fields": {"name": "Can change log entry", "content_type": ["admin", "logentry"], "codename": "change_logentry"}}, {"model": "auth.permission", "fields": {"name": "Can delete log entry", "content_type": ["admin", "logentry"], "codename": "delete_logentry"}}, {"model": "auth.permission", "fields": {"name": "Can view log entry", "content_type": ["admin", "logentry"], "codename": "view_logentry"}}, {"model": "auth.permission", "fields": {"name": "Can add permission", "content_type": ["auth", "permission"], "codename": "add_permission"}}, {"model": "auth.permission", "fields": {"name": "Can change permission", "content_type": ["auth", "permission"], "codename": "change_permission"}}, {"model": "auth.permission", "fields": {"name": "Can delete permission", "content_type": ["auth", "permission"], "codename": "delete_permission"}}, {"model": "auth.permission", "fields": {"name": "Can view permission", "content_type": ["auth", "permission"], "codename": "view_permission"}}, {"model": "auth.permission", "fields": {"name": "Can add group", "content_type": ["auth", "group"], "codename": "add_group"}}, {"model": "auth.permission", "fields": {"name": "Can change group", "content_type": ["auth", "group"], "codename": "change_group"}}, {"model": "auth.permission", "fields": {"name": "Can delete group", "content_type": ["auth", "group"], "codename": "delete_group"}}, {"model": "auth.permission", "fields": {"name": "Can view group", "content_type": ["auth", "group"], "codename": "view_group"}}, {"model": "auth.permission", "fields": {"name": "Can add content type", "content_type": ["contenttypes", "contenttype"], "codename": "add_contenttype"}}, {"model": "auth.permission", "fields": {"name": "Can change content type", "content_type": ["contenttypes", "contenttype"], "codename": "change_contenttype"}}, {"model": "auth.permission", "fields": {"name": "Can delete content type", "content_type": ["contenttypes", "contenttype"], "codename": "delete_contenttype"}}, {"model": "auth.permission", "fields": {"name": "Can view content type", "content_type": ["contenttypes", "contenttype"], "codename": "view_contenttype"}}, {"model": "auth.permission", "fields": {"name": "Can add session", "content_type": ["sessions", "session"], "codename": "add_session"}}, {"model": "auth.permission", "fields": {"name": "Can change session", "content_type": ["sessions", "session"], "codename": "change_session"}}, {"model": "auth.permission", "fields": {"name": "Can delete session", "content_type": ["sessions", "session"], "codename": "delete_session"}}, {"model": "auth.permission", "fields": {"name": "Can view session", "content_type": ["sessions", "session"], "codename": "view_session"}}, {"model": "auth.permission", "fields": {"name": "Can add Token", "content_type": ["authtoken", "token"], "codename": "add_token"}}, {"model": "auth.permission", "fields": {"name": "Can change Token", "content_type": ["authtoken", "token"], "codename": "change_token"}}, {"model": "auth.permission", "fields": {"name": "Can delete Token", "content_type": ["authtoken", "token"], "codename": "delete_token"}}, {"model": "auth.permission", "fields": {"name": "Can view Token", "content_type": ["authtoken", "token"], "codename": "view_token"}}, {"model": "auth.permission", "fields": {"name": "Can add user", "content_type": ["user", "user"], "codename": "add_user"}}, {"model": "auth.permission", "fields": {"name": "Can change user", "content_type": ["user", "user"], "codename": "change_user"}}, {"model": "auth.permission", "fields": {"name": "Can delete user", "content_type": ["user", "user"], "codename": "delete_user"}}, {"model": "auth.permission", "fields": {"name": "Can view user", "content_type": ["user", "user"], "codename": "view_user"}}, {"model": "auth.permission", "fields": {"name": "Can add cashier", "content_type": ["user", "cashier"], "codename": "add_cashier"}}, {"model": "auth.permission", "fields": {"name": "Can change cashier", "content_type": ["user", "cashier"], "codename": "change_cashier"}}, {"model": "auth.permission", "fields": {"name": "Can delete cashier", "content_type": ["user", "cashier"], "codename": "delete_cashier"}}, {"model": "auth.permission", "fields": {"name": "Can view cashier", "content_type": ["user", "cashier"], "codename": "view_cashier"}}, {"model": "auth.permission", "fields": {"name": "Can add manager", "content_type": ["user", "manager"], "codename": "add_manager"}}, {"model": "auth.permission", "fields": {"name": "Can change manager", "content_type": ["user", "manager"], "codename": "change_manager"}}, {"model": "auth.permission", "fields": {"name": "Can delete manager", "content_type": ["user", "manager"], "codename": "delete_manager"}}, {"model": "auth.permission", "fields": {"name": "Can view manager", "content_type": ["user", "manager"], "codename": "view_manager"}}, {"model": "auth.permission", "fields": {"name": "Can add category", "content_type": ["item", "category"], "codename": "add_category"}}, {"model": "auth.permission", "fields": {"name": "Can change category", "content_type": ["item", "category"], "codename": "change_category"}}, {"model": "auth.permission", "fields": {"name": "Can delete category", "content_type": ["item", "category"], "codename": "delete_category"}}, {"model": "auth.permission", "fields": {"name": "Can view category", "content_type": ["item", "category"], "codename": "view_category"}}, {"model": "auth.permission", "fields": {"name": "Can add client order", "content_type": ["item", "clientorder"], "codename": "add_clientorder"}}, {"model": "auth.permission", "fields": {"name": "Can change client order", "content_type": ["item", "clientorder"], "codename": "change_clientorder"}}, {"model": "auth.permission", "fields": {"name": "Can delete client order", "content_type": ["item", "clientorder"], "codename": "delete_clientorder"}}, {"model": "auth.permission", "fields": {"name": "Can view client order", "content_type": ["item", "clientorder"], "codename": "view_clientorder"}}, {"model": "auth.permission", "fields": {"name": "Can add client ordered item", "content_type": ["item", "clientordereditem"], "codename": "add_clientordereditem"}}, {"model": "auth.permission", "fields": {"name": "Can change client ordered item", "content_type": ["item", "clientordereditem"], "codename": "change_clientordereditem"}}, {"model": "auth.permission", "fields": {"name": "Can delete client ordered item", "content_type": ["item", "clientordereditem"], "codename": "delete_clientordereditem"}}, {"model": "auth.permission", "fields": {"name": "Can view client ordered item", "content_type": ["item", "clientordereditem"], "codename": "view_clientordereditem"}}, {"model": "auth.permission", "fields": {"name": "Can add global item", "content_type": ["item", "globalitem"], "codename": "add_globalitem"}}, {"model": "auth.permission", "fields": {"name": "Can change global item", "content_type": ["item", "globalitem"], "codename": "change_globalitem"}}, {"model": "auth.permission", "fields": {"name": "Can delete global item", "content_type": ["item", "globalitem"], "codename": "delete_globalitem"}}, {"model": "auth.permission", "fields": {"name": "Can view global item", "content_type": ["item", "globalitem"], "codename": "view_globalitem"}}, {"model": "auth.permission", "fields": {"name": "Can add report", "content_type": ["item", "report"], "codename": "add_report"}}, {"model": "auth.permission", "fields": {"name": "Can change report", "content_type": ["item", "report"], "codename": "change_report"}}, {"model": "auth.permission", "fields": {"name": "Can delete report", "content_type": ["item", "report"], "codename": "delete_report"}}, {"model": "auth.permission", "fields": {"name": "Can view report", "content_type": ["item", "report"], "codename": "view_report"}}, {"model": "auth.permission", "fields": {"name": "Can add store item", "content_type": ["item", "storeitem"], "codename": "add_storeitem"}}, {"model": "auth.permission", "fields": {"name": "Can change store item", "content_type": ["item", "storeitem"], "codename": "change_storeitem"}}, {"model": "auth.permission", "fields": {"name": "Can delete store item", "content_type": ["item", "storeitem"], "codename": "delete_storeitem"}}, {"model": "auth.permission", "fields": {"name": "Can view store item", "content_type": ["item", "storeitem"], "codename": "view_storeitem"}}, {"model": "auth.permission", "fields": {"name": "Can add store order", "content_type": ["item", "storeorder"], "codename": "add_storeorder"}}, {"model": "auth.permission", "fields": {"name": "Can change store order", "content_type": ["item", "storeorder"], "codename": "change_storeorder"}}, {"model": "auth.permission", "fields": {"name": "Can delete store order", "content_type": ["item", "storeorder"], "codename": "delete_storeorder"}}, {"model": "auth.permission", "fields": {"name": "Can view store order", "content_type": ["item", "storeorder"], "codename": "view_storeorder"}}, {"model": "auth.permission", "fields": {"name": "Can add store order item", "content_type": ["item", "storeorderitem"], "codename": "add_storeorderitem"}}, {"model": "auth.permission", "fields": {"name": "Can change store order item", "content_type": ["item", "storeorderitem"], "codename": "change_storeorderitem"}}, {"model": "auth.permission", "fields": {"name": "Can delete store order item", "content_type": ["item", "storeorderitem"], "codename": "delete_storeorderitem"}}, {"model": "auth.permission", "fields": {"name": "Can view store order item", "content_type": ["item", "storeorderitem"], "codename": "view_storeorderitem"}}, {"model": "auth.permission", "fields": {"name": "Can add cashier work shift", "content_type": ["item", "cashierworkshift"], "codename": "add_cashierworkshift"}}, {"model": "auth.permission", "fields": {"name": "Can change cashier work shift", "content_type": ["item", "cashierworkshift"], "codename": "change_cashierworkshift"}}, {"model": "auth.permission", "fields": {"name": "Can delete cashier work shift", "content_type": ["item", "cashierworkshift"], "codename": "delete_cashierworkshift"}}, {"model": "auth.permission", "fields": {"name": "Can view cashier work shift", "content_type": ["item", "cashierworkshift"], "codename": "view_cashierworkshift"}}, {"model": "auth.permission", "fields": {"name": "Can add depot", "content_type": ["item", "depot"], "codename": "add_depot"}}, {"model": "auth.permission", "fields": {"name": "Can change depot", "content_type": ["item", "depot"], "codename": "change_depot"}}, {"model": "auth.permission", "fields": {"name": "Can delete depot", "content_type": ["item", "depot"], "codename": "delete_depot"}}, {"model": "auth.permission", "fields": {"name": "Can view depot", "content_type": ["item", "depot"], "codename": "view_depot"}}, {"model": "auth.permission", "fields": {"name": "Can add store", "content_type": ["item", "store"], "codename": "add_store"}}, {"model": "auth.permission", "fields": {"name": "Can change store", "content_type": ["item", "store"], "codename": "change_store"}}, {"model": "auth.permission", "fields": {"name": "Can delete store", "content_type": ["item", "store"], "codename": "delete_store"}}, {"model": "auth.permission", "fields": {"name": "Can view store", "content_type": ["item", "store"], "codename": "view_store"}}, {"model": "auth.permission", "fields": {"name": "Can add store order history", "content_type": ["item", "storeorderhistory"], "codename": "add_storeorderhistory"}}, {"model": "auth.permission", "fields": {"name": "Can change store order history", "content_type": ["item", "storeorderhistory"], "codename": "change_storeorderhistory"}}, {"model": "auth.permission", "fields": {"name": "Can delete store order history", "content_type": ["item", "storeorderhistory"], "codename": "delete_storeorderhistory"}}, {"model": "auth.permission", "fields": {"name": "Can view store order history", "content_type": ["item", "storeorderhistory"], "codename": "view_storeorderhistory"}}]